Date,Open,High,Low,Close,Adj_Close,Volume,Price,InvestAmount,BuyPrice,UnitsBought,CashUsed,CashRemainder,CumUnits,CumInvested,AvgCost
2005-09-02,1221.589966,1224.449951,1217.75,1218.02002,1218.02002,1640160000,1218.02002,10000.0,1218.02002,8.210046,10000.0,0.0,8.210046,10000.0,1218.0199721170868
2005-10-03,1228.810059,1233.339966,1225.150024,1226.699951,1226.699951,2097490000,1226.699951,10000.0,1226.699951,8.151953,10000.0,0.0,16.361999,20000.0,1222.344531374192
2005-11-01,1207.01001,1207.339966,1201.660034,1202.76001,1202.76001,2457850000,1202.76001,10000.0,1202.76001,8.314211,10000.0,0.0,24.67621,30000.0,1215.7458540027014
2005-12-01,1249.47998,1266.170044,1249.47998,1264.670044,1264.670044,2614830000,1264.670044,10000.0,1264.670044,7.907201,10000.0,0.0,32.583411,40000.0,1227.6185571854342
2006-01-03,1248.290039,1270.219971,1245.73999,1268.800049,1268.800049,2554570000,1268.800049,10000.0,1268.800049,7.881462,10000.0,0.0,40.464873,50000.0,1235.639612658614
2006-02-01,1280.079956,1283.329956,1277.569946,1282.459961,1282.459961,2589410000,1282.459961,10000.0,1282.459961,7.797514,10000.0,0.0,48.262387,60000.0,1243.204153992632
2006-03-01,1280.660034,1291.800049,1280.660034,1291.23999,1291.23999,2308320000,1291.23999,10000.0,1291.23999,7.744494,10000.0,0.0,56.006881,70000.0,1249.8464251205132
2006-04-03,1302.880005,1309.189941,1296.650024,1297.810059,1297.810059,2494080000,1297.810059,10000.0,1297.810059,7.705288,10000.0,0.0,63.712169,80000.0,1255.6470962399662
2006-05-01,1310.609985,1317.209961,1303.459961,1305.189941,1305.189941,2437040000,1305.189941,10000.0,1305.189941,7.66172,10000.0,0.0,71.373889,90000.0,1260.9653370576457
2006-06-01,1270.050049,1285.709961,1269.189941,1285.709961,1285.709961,2360160000,1285.709961,10000.0,1285.709961,7.777804,10000.0,0.0,79.15169300000001,100000.0,1263.3968549478782
2006-07-03,1270.060059,1280.380005,1270.060059,1280.189941,1280.189941,1114470000,1280.189941,10000.0,1280.189941,7.811341,10000.0,0.0,86.96303400000001,110000.0,1264.9052699794258
2006-08-01,1278.530029,1278.660034,1265.709961,1270.920044,1270.920044,2527690000,1270.920044,10000.0,1270.920044,7.868316,10000.0,0.0,94.83135000000001,120000.0,1265.4043204067007
2006-09-01,1303.800049,1312.030029,1303.800049,1311.01001,1311.01001,1800520000,1311.01001,10000.0,1311.01001,7.627707,10000.0,0.0,102.45905700000002,130000.0,1268.7994971493831
2006-10-02,1335.819946,1338.540039,1330.280029,1331.319946,1331.319946,2154480000,1331.319946,10000.0,1331.319946,7.511342,10000.0,0.0,109.97039900000001,140000.0,1273.069855825475
2006-11-01,1377.76001,1381.949951,1366.26001,1367.810059,1367.810059,2821160000,1367.810059,10000.0,1367.810059,7.310957,10000.0,0.0,117.28135600000002,150000.0,1278.9756625938055
2006-12-01,1400.630005,1402.459961,1385.930054,1396.709961,1396.709961,2800980000,1396.709961,10000.0,1396.709961,7.159683,10000.0,0.0,124.44103900000002,160000.0,1285.7494704781434
2007-01-03,1418.030029,1429.420044,1407.859985,1416.599976,1416.599976,3429160000,1416.599976,10000.0,1416.599976,7.059156,10000.0,0.0,131.50019500000002,170000.0,1292.7737483583198
2007-02-01,1437.900024,1446.640015,1437.900024,1445.939941,1445.939941,2914890000,1445.939941,10000.0,1445.939941,6.915917,10000.0,0.0,138.41611200000003,180000.0,1300.4266439733544
2007-03-01,1406.800049,1409.459961,1380.869995,1403.170044,1403.170044,3874910000,1403.170044,10000.0,1403.170044,7.12672,10000.0,0.0,145.54283200000003,190000.0,1305.457626384513
2007-04-02,1420.829956,1425.48999,1416.369995,1424.550049,1424.550049,2875880000,1424.550049,10000.0,1424.550049,7.01976,10000.0,0.0,152.56259200000002,200000.0,1310.937349569939
2007-05-01,1482.369995,1487.27002,1476.699951,1486.300049,1486.300049,3400350000,1486.300049,10000.0,1486.300049,6.728117,10000.0,0.0,159.29070900000002,210000.0,1318.3443109666866
2007-06-01,1530.619995,1540.560059,1530.619995,1536.339966,1536.339966,2927020000,1536.339966,10000.0,1536.339966,6.508976,10000.0,0.0,165.799685,220000.0,1326.9024003272382
2007-07-02,1504.660034,1519.449951,1504.660034,1519.430054,1519.430054,2648990000,1519.430054,10000.0,1519.430054,6.581415,10000.0,0.0,172.3811,230000.0,1334.25300105406
2007-08-01,1455.180054,1468.380005,1439.589966,1465.810059,1465.810059,5256780000,1465.810059,10000.0,1465.810059,6.822166,10000.0,0.0,179.203266,240000.0,1339.2613056505343
2007-09-04,1473.959961,1496.400024,1472.150024,1489.420044,1489.420044,2766600000,1489.420044,10000.0,1489.420044,6.714023,10000.0,0.0,185.917289,250000.0,1344.6839793366391
2007-10-01,1527.290039,1549.02002,1527.25,1547.040039,1547.040039,3281990000,1547.040039,10000.0,1547.040039,6.463957,10000.0,0.0,192.381246,260000.0,1351.483085830518
2007-11-01,1545.790039,1545.790039,1506.660034,1508.439941,1508.439941,4241470000,1508.439941,10000.0,1508.439941,6.629366,10000.0,0.0,199.010612,270000.0,1356.7115707377454
2007-12-03,1479.630005,1481.160034,1470.079956,1472.420044,1472.420044,3323250000,1472.420044,10000.0,1472.420044,6.79154,10000.0,0.0,205.802152,280000.0,1360.5299909594726
2008-01-02,1467.969971,1471.77002,1442.069946,1447.160034,1447.160034,3452650000,1447.160034,10000.0,1447.160034,6.910086,10000.0,0.0,212.712238,290000.0,1363.3442190571093
2008-02-01,1378.599976,1396.02002,1375.930054,1395.420044,1395.420044,4650770000,1395.420044,10000.0,1395.420044,7.166301,10000.0,0.0,219.87853900000002,300000.0,1364.3896369531542
2008-03-03,1330.449951,1335.130005,1320.040039,1331.339966,1331.339966,4117570000,1331.339966,10000.0,1331.339966,7.511229,10000.0,0.0,227.389768,310000.0,1363.2979299226868
2008-04-01,1326.410034,1370.180054,1326.410034,1370.180054,1370.180054,4745120000,1370.180054,10000.0,1370.180054,7.298311,10000.0,0.0,234.68807900000002,320000.0,1363.5119489814392
2008-05-01,1385.969971,1410.069946,1383.069946,1409.339966,1409.339966,4448780000,1409.339966,10000.0,1409.339966,7.09552,10000.0,0.0,241.783599,330000.0,1364.8568445703381
2008-06-02,1399.619995,1399.619995,1377.790039,1385.670044,1385.670044,3714320000,1385.670044,10000.0,1385.670044,7.216725,10000.0,0.0,249.000324,340000.0,1365.4600706463336
2008-07-01,1276.689941,1285.310059,1260.680054,1284.910034,1284.910034,5846290000,1284.910034,10000.0,1284.910034,7.782646,10000.0,0.0,256.78297,350000.0,1363.0187391321163
2008-08-01,1269.420044,1270.52002,1254.540039,1260.310059,1260.310059,4684870000,1260.310059,10000.0,1260.310059,7.934555,10000.0,0.0,264.71752499999997,360000.0,1359.9401852975168
2008-09-02,1287.829956,1303.040039,1272.199951,1277.579956,1277.579956,4783560000,1277.579956,10000.0,1277.579956,7.827299,10000.0,0.0,272.54482399999995,370000.0,1357.5748552832545
2008-10-01,1164.170044,1167.030029,1140.77002,1161.060059,1161.060059,5782130000,1161.060059,10000.0,1161.060059,8.612819,10000.0,0.0,281.15764299999995,380000.0,1351.5549353214633
2008-11-03,968.6699829,975.5700073,958.8200073,966.2999878,966.2999878,4492280000,966.2999878,10000.0,966.2999878,10.348753,10000.0,0.0,291.50639599999994,390000.0,1337.8780203505382
2008-12-01,888.6099854,888.6099854,815.6900024,816.210022,816.210022,6052010000,816.210022,10000.0,816.210022,12.251749,10000.0,0.0,303.75814499999996,400000.0,1316.8371172400991
2009-01-02,902.9899902,934.7299805,899.3499756,931.7999878,931.7999878,4048270000,931.7999878,10000.0,931.7999878,10.731917,10000.0,0.0,314.49006199999997,410000.0,1303.6977937954682
2009-02-02,823.0900269,830.7800293,812.8699951,825.4400024,825.4400024,5673270000,825.4400024,10000.0,825.4400024,12.114751,10000.0,0.0,326.604813,420000.0,1285.9577791953727
2009-03-02,729.5700073,729.5700073,699.7000122,700.8200073,700.8200073,7868290000,700.8200073,10000.0,700.8200073,14.268999,10000.0,0.0,340.873812,430000.0,1261.4638756702143
2009-04-01,793.5900269,813.6199951,783.3200073,811.0800171,811.0800171,6034140000,811.0800171,10000.0,811.0800171,12.32924,10000.0,0.0,353.203052,440000.0,1245.7423499273725
2009-05-01,872.7399902,880.4799805,866.0999756,877.5200195,877.5200195,5312170000,877.5200195,10000.0,877.5200195,11.395751,10000.0,0.0,364.59880300000003,450000.0,1234.2333444248854
2009-06-01,923.2600098,947.7700195,923.2600098,942.8699951,942.8699951,6370440000,942.8699951,10000.0,942.8699951,10.605916,10000.0,0.0,375.204719,460000.0,1225.9973734498792
2009-07-01,920.8200073,931.9199829,920.8200073,923.3300171,923.3300171,3919400000,923.3300171,10000.0,923.3300171,10.830364,10000.0,0.0,386.035083,470000.0,1217.505922900795
2009-08-03,990.2199707,1003.609985,990.2199707,1002.630005,1002.630005,5603440000,1002.630005,10000.0,1002.630005,9.973769,10000.0,0.0,396.008852,480000.0,1212.094117532504
2009-09-01,1019.52002,1028.449951,996.2800293,998.039978,998.039978,6862360000,998.039978,10000.0,998.039978,10.019639,10000.0,0.0,406.028491,490000.0,1206.8118638502144
2009-10-01,1054.910034,1054.910034,1029.449951,1029.849976,1029.849976,5791450000,1029.849976,10000.0,1029.849976,9.710152,10000.0,0.0,415.73864299999997,500000.0,1202.6786742554505
2009-11-02,1036.180054,1052.180054,1029.380005,1042.880005,1042.880005,6202640000,1042.880005,10000.0,1042.880005,9.588831,10000.0,0.0,425.327474,510000.0,1199.0760794352072
2009-12-01,1098.890015,1112.280029,1098.890015,1108.859985,1108.859985,4249310000,1108.859985,10000.0,1108.859985,9.018271,10000.0,0.0,434.345745,520000.0,1197.2029333451856
2010-01-04,1116.560059,1133.869995,1116.560059,1132.98999,1132.98999,3991400000,1132.98999,10000.0,1132.98999,8.826203,10000.0,0.0,443.17194800000004,530000.0,1195.9240705370637
2010-02-01,1073.890015,1089.380005,1073.890015,1089.189941,1089.189941,4077610000,1089.189941,10000.0,1089.189941,9.181135,10000.0,0.0,452.353083,540000.0,1193.7577531664574
2010-03-01,1105.359985,1116.109985,1105.359985,1115.709961,1115.709961,3847640000,1115.709961,10000.0,1115.709961,8.962903,10000.0,0.0,461.315986,550000.0,1192.2413631683685
2010-04-01,1171.22998,1181.430054,1170.689941,1178.099976,1178.099976,4006870000,1178.099976,10000.0,1178.099976,8.488244,10000.0,0.0,469.80423,560000.0,1191.9858618556925
2010-05-03,1188.579956,1205.130005,1188.579956,1202.26001,1202.26001,4938050000,1202.26001,10000.0,1202.26001,8.317668,10000.0,0.0,478.12189800000004,570000.0,1192.164597321999
2010-06-01,1087.300049,1094.77002,1069.890015,1070.709961,1070.709961,5271480000,1070.709961,10000.0,1070.709961,9.339597,10000.0,0.0,487.46149500000007,580000.0,1189.8375686063162
2010-07-01,1031.099976,1033.579956,1010.909973,1027.369995,1027.369995,6435770000,1027.369995,10000.0,1027.369995,9.733592,10000.0,0.0,497.19508700000006,590000.0,1186.6569389491974
2010-08-02,1107.530029,1127.300049,1107.530029,1125.859985,1125.859985,4144180000,1125.859985,10000.0,1125.859985,8.882099,10000.0,0.0,506.07718600000004,600000.0,1185.5898993241715
2010-09-01,1049.719971,1081.300049,1049.719971,1080.290039,1080.290039,4396880000,1080.290039,10000.0,1080.290039,9.256773,10000.0,0.0,515.333959,610000.0,1183.6984335045538
2010-10-01,1143.48999,1150.300049,1139.420044,1146.23999,1146.23999,4298910000,1146.23999,10000.0,1146.23999,8.724177,10000.0,0.0,524.0581360000001,620000.0,1183.0748487797541
2010-11-01,1185.709961,1195.810059,1177.650024,1184.380005,1184.380005,4129180000,1184.380005,10000.0,1184.380005,8.443236,10000.0,0.0,532.5013720000001,630000.0,1183.0955432730789
2010-12-01,1186.599976,1207.609985,1186.599976,1206.069946,1206.069946,4548110000,1206.069946,10000.0,1206.069946,8.291393,10000.0,0.0,540.792765,640000.0,1183.4477852158395
2011-01-03,1257.619995,1276.170044,1257.619995,1271.869995,1271.869995,4286670000,1271.869995,10000.0,1271.869995,7.862439,10000.0,0.0,548.655204,650000.0,1184.7149088555807
2011-02-01,1289.140015,1308.859985,1289.140015,1307.589966,1307.589966,5164500000,1307.589966,10000.0,1307.589966,7.647657,10000.0,0.0,556.302861,660000.0,1186.4041087503952
2011-03-01,1328.640015,1332.089966,1306.140015,1306.329956,1306.329956,1180420000,1306.329956,10000.0,1306.329956,7.655034,10000.0,0.0,563.957895,670000.0,1188.0319540521725
2011-04-01,1329.47998,1337.849976,1328.890015,1332.410034,1332.410034,4223740000,1332.410034,10000.0,1332.410034,7.505197,10000.0,0.0,571.463092,680000.0,1189.9281152526296
2011-05-02,1365.209961,1370.579956,1358.589966,1361.219971,1361.219971,3846250000,1361.219971,10000.0,1361.219971,7.346351,10000.0,0.0,578.809443,690000.0,1192.1021820647802
2011-06-01,1345.199951,1345.199951,1313.709961,1314.550049,1314.550049,4241090000,1314.550049,10000.0,1314.550049,7.607166,10000.0,0.0,586.416609,700000.0,1193.6906104922414
2011-07-01,1320.640015,1341.01001,1318.180054,1339.670044,1339.670044,3796930000,1339.670044,10000.0,1339.670044,7.464525,10000.0,0.0,593.881134,710000.0,1195.5254332089964
2011-08-01,1292.589966,1307.380005,1274.72998,1286.939941,1286.939941,4967390000,1286.939941,10000.0,1286.939941,7.77037,10000.0,0.0,601.6515039999999,720000.0,1196.7060585956751
2011-09-01,1219.119995,1229.290039,1203.849976,1204.420044,1204.420044,4780410000,1204.420044,10000.0,1204.420044,8.302751,10000.0,0.0,609.9542549999999,730000.0,1196.8110624951705
2011-10-03,1131.209961,1138.98999,1098.920044,1099.22998,1099.22998,5670340000,1099.22998,10000.0,1099.22998,9.097277,10000.0,0.0,619.0515319999998,740000.0,1195.3770594981747
2011-11-01,1251.0,1251.0,1215.420044,1218.280029,1218.280029,5645540000,1218.280029,10000.0,1218.280029,8.208293,10000.0,0.0,627.2598249999999,750000.0,1195.6767675978613
2011-12-01,1246.910034,1251.089966,1239.72998,1244.579956,1244.579956,3818680000,1244.579956,10000.0,1244.579956,8.034839,10000.0,0.0,635.2946639999999,760000.0,1196.2952674823664
2012-01-03,1258.859985,1284.619995,1258.859985,1277.060059,1277.060059,3943710000,1277.060059,10000.0,1277.060059,7.830485,10000.0,0.0,643.1251489999999,770000.0,1197.2786341776227
2012-02-01,1312.449951,1330.52002,1312.449951,1324.089966,1324.089966,4504360000,1324.089966,10000.0,1324.089966,7.552357,10000.0,0.0,650.6775059999999,780000.0,1198.750522044326
2012-03-01,1365.900024,1376.170044,1365.900024,1374.089966,1374.089966,3919240000,1374.089966,10000.0,1374.089966,7.277544,10000.0,0.0,657.9550499999999,790000.0,1200.6899255503854
2012-04-02,1408.469971,1422.380005,1404.459961,1419.040039,1419.040039,3572010000,1419.040039,10000.0,1419.040039,7.047018,10000.0,0.0,665.0020679999999,800000.0,1203.0037777265982
2012-05-01,1397.859985,1415.319946,1395.72998,1405.819946,1405.819946,3807950000,1405.819946,10000.0,1405.819946,7.113286,10000.0,0.0,672.1153539999999,810000.0,1205.150269487818
2012-06-01,1309.869995,1309.869995,1277.25,1278.040039,1278.040039,4669350000,1278.040039,10000.0,1278.040039,7.824481,10000.0,0.0,679.9398349999999,820000.0,1205.9890563699655
2012-07-02,1362.329956,1366.349976,1355.699951,1365.51001,1365.51001,3301650000,1365.51001,10000.0,1365.51001,7.323271,10000.0,0.0,687.2631059999999,830000.0,1207.6888643575758
2012-08-01,1379.319946,1385.030029,1373.349976,1375.319946,1375.319946,4440920000,1375.319946,10000.0,1375.319946,7.271035,10000.0,0.0,694.5341409999999,840000.0,1209.4437845640769
2012-09-04,1406.540039,1409.310059,1396.560059,1404.939941,1404.939941,3200310000,1404.939941,10000.0,1404.939941,7.117742,10000.0,0.0,701.6518829999999,850000.0,1211.4269491670418
2012-10-01,1440.900024,1457.140015,1440.900024,1444.48999,1444.48999,3505080000,1444.48999,10000.0,1444.48999,6.922859,10000.0,0.0,708.5747419999999,860000.0,1213.704001884956
2012-11-01,1412.199951,1428.349976,1412.199951,1427.589966,1427.589966,3929890000,1427.589966,10000.0,1427.589966,7.004812,10000.0,0.0,715.5795539999999,870000.0,1215.79773365073
2012-12-03,1416.339966,1423.72998,1408.459961,1409.459961,1409.459961,3074280000,1409.459961,10000.0,1409.459961,7.094916,10000.0,0.0,722.6744699999999,880000.0,1217.699028443609
2013-01-02,1426.189941,1462.430054,1426.189941,1462.420044,1462.420044,4202600000,1462.420044,10000.0,1462.420044,6.837981,10000.0,0.0,729.5124509999999,890000.0,1219.9928853578951
2013-02-01,1498.109985,1514.410034,1498.109985,1513.170044,1513.170044,3836320000,1513.170044,10000.0,1513.170044,6.608643,10000.0,0.0,736.121094,900000.0,1222.6249286099116
2013-03-01,1514.680054,1519.98999,1501.47998,1518.199951,1518.199951,3695610000,1518.199951,10000.0,1518.199951,6.586748,10000.0,0.0,742.707842,910000.0,1225.2462523480397
2013-04-01,1569.180054,1570.569946,1558.469971,1562.170044,1562.170044,2753110000,1562.170044,10000.0,1562.170044,6.401352,10000.0,0.0,749.109194,920000.0,1228.1253619215358
2013-05-01,1597.550049,1597.550049,1581.280029,1582.699951,1582.699951,3530320000,1582.699951,10000.0,1582.699951,6.318317,10000.0,0.0,755.427511,930000.0,1231.0909868359295
2013-06-03,1631.709961,1640.420044,1622.719971,1640.420044,1640.420044,3952070000,1640.420044,10000.0,1640.420044,6.096,10000.0,0.0,761.523511,940000.0,1234.367667474419
2013-07-01,1609.780029,1626.609985,1609.780029,1614.959961,1614.959961,3104690000,1614.959961,10000.0,1614.959961,6.192104,10000.0,0.0,767.715615,950000.0,1237.43738102813
2013-08-01,1689.420044,1707.849976,1689.420044,1706.869995,1706.869995,3775170000,1706.869995,10000.0,1706.869995,5.858677,10000.0,0.0,773.574292,960000.0,1240.99263629614
2013-09-03,1635.949951,1651.349976,1633.410034,1639.77002,1639.77002,3731610000,1639.77002,10000.0,1639.77002,6.098416,10000.0,0.0,779.6727080000001,970000.0,1244.1117792723867
2013-10-01,1682.410034,1696.550049,1682.069946,1695.0,1695.0,3238690000,1695.0,10000.0,1695.0,5.899705,10000.0,0.0,785.5724130000001,980000.0,1247.4979820860892
2013-11-01,1758.699951,1765.670044,1752.699951,1761.640015,1761.640015,3686290000,1761.640015,10000.0,1761.640015,5.676529,10000.0,0.0,791.248942,990000.0,1251.186507115734
2013-12-02,1806.550049,1810.02002,1798.599976,1800.900024,1800.900024,3095430000,1800.900024,10000.0,1800.900024,5.552779,10000.0,0.0,796.801721,1000000.0,1255.017369622373
2014-01-02,1845.859985,1845.859985,1827.73999,1831.97998,1831.97998,3080600000,1831.97998,10000.0,1831.97998,5.458575,10000.0,0.0,802.260296,1010000.0,1258.9430201591329
2014-02-03,1782.680054,1784.829956,1739.660034,1741.890015,1741.890015,4726040000,1741.890015,10000.0,1741.890015,5.740891,10000.0,0.0,808.0011870000001,1020000.0,1262.374383120801
2014-03-03,1857.680054,1857.680054,1834.439941,1845.72998,1845.72998,3428220000,1845.72998,10000.0,1845.72998,5.417911,10000.0,0.0,813.4190980000001,1030000.0,1266.2599175904768
2014-04-01,1873.959961,1885.839966,1873.959961,1885.52002,1885.52002,3336190000,1885.52002,10000.0,1885.52002,5.303577,10000.0,0.0,818.7226750000001,1040000.0,1270.2714017295293
2014-05-01,1884.390015,1888.589966,1878.040039,1883.680054,1883.680054,3416740000,1883.680054,10000.0,1883.680054,5.308757,10000.0,0.0,824.0314320000001,1050000.0,1274.2232386106357
2014-06-02,1923.869995,1925.880005,1915.97998,1924.969971,1924.969971,2509020000,1924.969971,10000.0,1924.969971,5.194886,10000.0,0.0,829.2263180000001,1060000.0,1278.2999972270536
2014-07-01,1962.290039,1978.579956,1962.290039,1973.319946,1973.319946,3188240000,1973.319946,10000.0,1973.319946,5.067602,10000.0,0.0,834.2939200000001,1070000.0,1282.5216321844944
2014-08-01,1929.800049,1937.349976,1916.369995,1925.150024,1925.150024,3789660000,1925.150024,10000.0,1925.150024,5.1944,10000.0,0.0,839.48832,1080000.0,1286.497946749277
2014-09-02,2004.069946,2006.119995,1994.849976,2002.280029,2002.280029,2819980000,2002.280029,10000.0,2002.280029,4.994306,10000.0,0.0,844.4826260000001,1090000.0,1290.7311132769235
2014-10-01,1971.439941,1971.439941,1941.719971,1946.160034,1946.160034,4188590000,1946.160034,10000.0,1946.160034,5.138324,10000.0,0.0,849.6209500000001,1100000.0,1294.6950048724668
2014-11-03,2018.209961,2024.459961,2013.680054,2017.810059,2017.810059,3555440000,2017.810059,10000.0,2017.810059,4.955868,10000.0,0.0,854.5768180000001,1110000.0,1298.888498517637
2014-12-01,2065.780029,2065.780029,2049.570068,2053.439941,2053.439941,4159010000,2053.439941,10000.0,2053.439941,4.869877,10000.0,0.0,859.4466950000001,1120000.0,1303.1640083274738
2015-01-02,2058.899902,2072.360107,2046.040039,2058.199951,2058.199951,2708700000,2058.199951,10000.0,2058.199951,4.858614,10000.0,0.0,864.3053090000001,1130000.0,1307.408375528097
2015-02-02,1996.670044,2021.660034,1980.900024,2020.849976,2020.849976,4008330000,2020.849976,10000.0,2020.849976,4.948413,10000.0,0.0,869.253722,1140000.0,1311.469794316279
2015-03-02,2105.22998,2117.52002,2104.5,2117.389893,2117.389893,3409490000,2117.389893,10000.0,2117.389893,4.722796,10000.0,0.0,873.976518,1150000.0,1315.824826314155
2015-04-01,2067.629883,2067.629883,2048.379883,2059.689941,2059.689941,3543270000,2059.689941,10000.0,2059.689941,4.8551,10000.0,0.0,878.831618,1160000.0,1319.9343039567336
2015-05-01,2087.379883,2108.409912,2087.379883,2108.290039,2108.290039,3379390000,2108.290039,10000.0,2108.290039,4.74318,10000.0,0.0,883.5747980000001,1170000.0,1324.166332774919
2015-06-01,2108.639893,2119.149902,2102.540039,2111.72998,2111.72998,3011710000,2111.72998,10000.0,2111.72998,4.735454,10000.0,0.0,888.3102520000001,1180000.0,1328.364720933109
2015-07-01,2067.0,2082.780029,2067.0,2077.419922,2077.419922,3727260000,2077.419922,10000.0,2077.419922,4.813663,10000.0,0.0,893.1239150000001,1190000.0,1332.4018985652174
2015-08-03,2104.48999,2105.699951,2087.310059,2098.040039,2098.040039,3476770000,2098.040039,10000.0,2098.040039,4.766353,10000.0,0.0,897.8902680000001,1200000.0,1336.4662061355584
2015-09-01,1970.089966,1970.089966,1903.069946,1913.849976,1913.849976,4371850000,1913.849976,10000.0,1913.849976,5.22507,10000.0,0.0,903.1153380000001,1210000.0,1339.8067213426066
2015-10-01,1919.650024,1927.209961,1900.699951,1923.819946,1923.819946,3983600000,1923.819946,10000.0,1923.819946,5.197992,10000.0,0.0,908.3133300000001,1220000.0,1343.1488449035533
2015-11-02,2080.76001,2106.199951,2080.76001,2104.050049,2104.050049,3760020000,2104.050049,10000.0,2104.050049,4.752739,10000.0,0.0,913.0660690000001,1230000.0,1347.1095266382085
2015-12-01,2082.929932,2103.370117,2082.929932,2102.629883,2102.629883,3712120000,2102.629883,10000.0,2102.629883,4.755949,10000.0,0.0,917.8220180000001,1240000.0,1351.0244640916862
2016-01-04,2038.199951,2038.199951,1989.680054,2012.660034,2012.660034,4304880000,2012.660034,10000.0,2012.660034,4.968549,10000.0,0.0,922.7905670000001,1250000.0,1354.5868853685408
2016-02-01,1936.939941,1947.199951,1920.300049,1939.380005,1939.380005,4322530000,1939.380005,10000.0,1939.380005,5.156287,10000.0,0.0,927.9468540000001,1260000.0,1357.8363831599345
2016-03-01,1937.089966,1978.349976,1937.089966,1978.349976,1978.349976,4819750000,1978.349976,10000.0,1978.349976,5.054717,10000.0,0.0,933.0015710000001,1270000.0,1361.198136717821
2016-04-01,2056.620117,2075.070068,2043.97998,2072.780029,2072.780029,3749990000,2072.780029,10000.0,2072.780029,4.824439,10000.0,0.0,937.8260100000001,1280000.0,1364.8587119054203
2016-05-02,2067.169922,2083.419922,2066.110107,2081.429932,2081.429932,3841110000,2081.429932,10000.0,2081.429932,4.804389,10000.0,0.0,942.6303990000001,1290000.0,1368.510925775904
2016-06-01,2093.939941,2100.969971,2085.100098,2099.330078,2099.330078,3525170000,2099.330078,10000.0,2099.330078,4.763424,10000.0,0.0,947.3938230000001,1300000.0,1372.185429585601
2016-07-01,2099.340088,2108.709961,2097.899902,2102.949951,2102.949951,3458890000,2102.949951,10000.0,2102.949951,4.755225,10000.0,0.0,952.1490480000001,1310000.0,1375.8350152758856
2016-08-01,2173.149902,2178.290039,2166.209961,2170.840088,2170.840088,3505990000,2170.840088,10000.0,2170.840088,4.606512,10000.0,0.0,956.7555600000001,1320000.0,1379.6627426967866
2016-09-01,2171.330078,2173.560059,2157.090088,2170.860107,2170.860107,3392120000,2170.860107,10000.0,2170.860107,4.606469,10000.0,0.0,961.362029,1330000.0,1383.4538497255335
2016-10-03,2164.330078,2164.409912,2154.77002,2161.199951,2161.199951,3113850000,2161.199951,10000.0,2161.199951,4.627059,10000.0,0.0,965.989088,1340000.0,1387.1792307450992
2016-11-01,2128.679932,2131.449951,2097.850098,2111.719971,2111.719971,4539190000,2111.719971,10000.0,2111.719971,4.735476,10000.0,0.0,970.724564,1350000.0,1390.7137514241372
2016-12-01,2200.169922,2202.600098,2187.439941,2191.080078,2191.080078,5067470000,2191.080078,10000.0,2191.080078,4.563959,10000.0,0.0,975.2885229999999,1360000.0,1394.459145091365
2017-01-03,2251.570068,2263.879883,2245.129883,2257.830078,2257.830078,3773010000,2257.830078,10000.0,2257.830078,4.429031,10000.0,0.0,979.717554,1370000.0,1398.3622059302206
2017-02-01,2285.590088,2289.139893,2272.439941,2279.550049,2279.550049,3919190000,2279.550049,10000.0,2279.550049,4.386831,10000.0,0.0,984.104385,1380000.0,1402.2902661895973
2017-03-01,2380.129883,2400.97998,2380.129883,2395.959961,2395.959961,4347630000,2395.959961,10000.0,2395.959961,4.173692,10000.0,0.0,988.2780769999999,1390000.0,1406.486729139495
2017-04-03,2362.340088,2365.870117,2344.72998,2358.840088,2358.840088,3418730000,2358.840088,10000.0,2358.840088,4.239372,10000.0,0.0,992.5174489999999,1400000.0,1410.554546331205
2017-05-01,2388.5,2394.48999,2384.830078,2388.330078,2388.330078,3201500000,2388.330078,10000.0,2388.330078,4.187026,10000.0,0.0,996.7044749999999,1410000.0,1414.6620541660557
2017-06-01,2415.649902,2430.060059,2413.540039,2430.060059,2430.060059,3860620000,2430.060059,10000.0,2430.060059,4.115125,10000.0,0.0,1000.8195999999999,1420000.0,1418.8371210955502
2017-07-03,2431.389893,2439.169922,2428.689941,2429.01001,2429.01001,1901480000,2429.01001,10000.0,2429.01001,4.116904,10000.0,0.0,1004.9365039999999,1430000.0,1422.9754758714587
2017-08-01,2477.100098,2478.51001,2471.139893,2476.350098,2476.350098,3470260000,2476.350098,10000.0,2476.350098,4.038201,10000.0,0.0,1008.9747049999999,1440000.0,1427.191378400314
2017-09-01,2474.419922,2480.379883,2473.850098,2476.550049,2476.550049,2712780000,2476.550049,10000.0,2476.550049,4.037875,10000.0,0.0,1013.0125799999998,1450000.0,1431.374129628282
2017-10-02,2521.199951,2529.22998,2520.399902,2529.120117,2529.120117,3226370000,2529.120117,10000.0,2529.120117,3.953944,10000.0,0.0,1016.9665239999998,1460000.0,1435.6421431232875
2017-11-01,2583.209961,2588.399902,2574.919922,2579.360107,2579.360107,3841200000,2579.360107,10000.0,2579.360107,3.876931,10000.0,0.0,1020.8434549999998,1470000.0,1439.9857223946253
2017-12-01,2645.100098,2650.620117,2605.52002,2642.219971,2642.219971,3950930000,2642.219971,10000.0,2642.219971,3.784696,10000.0,0.0,1024.628151,1480000.0,1444.4264473463604
2018-01-02,2683.72998,2695.889893,2682.360107,2695.810059,2695.810059,3397430000,2695.810059,10000.0,2695.810059,3.70946,10000.0,0.0,1028.337611,1490000.0,1448.940488086456
2018-02-01,2816.449951,2835.959961,2812.699951,2821.97998,2821.97998,3977380000,2821.97998,10000.0,2821.97998,3.543611,10000.0,0.0,1031.881222,1500000.0,1453.6556805372315
2018-03-01,2715.219971,2730.889893,2659.649902,2677.669922,2677.669922,4514490000,2677.669922,10000.0,2677.669922,3.73459,10000.0,0.0,1035.615812,1510000.0,1458.0696649309175
2018-04-02,2633.449951,2638.300049,2553.800049,2581.879883,2581.879883,3635780000,2581.879883,10000.0,2581.879883,3.873147,10000.0,0.0,1039.488959,1520000.0,1462.2569935348395
2018-05-01,2642.959961,2655.27002,2625.409912,2654.800049,2654.800049,3562820000,2654.800049,10000.0,2654.800049,3.766762,10000.0,0.0,1043.255721,1530000.0,1466.562769992229
2018-06-01,2718.699951,2736.929932,2718.699951,2734.620117,2734.620117,3694310000,2734.620117,10000.0,2734.620117,3.656815,10000.0,0.0,1046.912536,1540000.0,1470.9920332829026
2018-07-02,2704.949951,2727.26001,2698.949951,2726.709961,2726.709961,3095040000,2726.709961,10000.0,2726.709961,3.667423,10000.0,0.0,1050.5799590000001,1550000.0,1475.3755644409734
2018-08-01,2821.169922,2825.830078,2805.850098,2813.360107,2813.360107,3501350000,2813.360107,10000.0,2813.360107,3.554469,10000.0,0.0,1054.134428,1560000.0,1479.8871553410643
2018-09-04,2896.959961,2900.179932,2885.129883,2896.719971,2896.719971,3087420000,2896.719971,10000.0,2896.719971,3.45218,10000.0,0.0,1057.586608,1570000.0,1484.511989962717
2018-10-01,2926.290039,2937.060059,2917.909912,2924.590088,2924.590088,3375890000,2924.590088,10000.0,2924.590088,3.419283,10000.0,0.0,1061.005891,1580000.0,1489.1529004715017
2018-11-01,2717.580078,2741.669922,2708.850098,2740.370117,2740.370117,4730250000,2740.370117,10000.0,2740.370117,3.649142,10000.0,0.0,1064.655033,1590000.0,1493.4414911087918
2018-12-03,2790.5,2800.179932,2773.379883,2790.370117,2790.370117,4221580000,2790.370117,10000.0,2790.370117,3.583754,10000.0,0.0,1068.238787,1600000.0,1497.7924593932573
2019-01-02,2476.959961,2519.48999,2467.469971,2510.030029,2510.030029,3733160000,2510.030029,10000.0,2510.030029,3.984016,10000.0,0.0,1072.222803,1610000.0,1501.553590816516
2019-02-01,2702.320068,2716.659912,2696.879883,2706.530029,2706.530029,3782490000,2706.530029,10000.0,2706.530029,3.694768,10000.0,0.0,1075.9175710000002,1620000.0,1505.6915545066415
2019-03-01,2798.219971,2808.02002,2787.379883,2803.689941,2803.689941,3994950000,2803.689941,10000.0,2803.689941,3.566728,10000.0,0.0,1079.4842990000002,1630000.0,1509.980276239293
2019-04-01,2848.629883,2869.399902,2848.629883,2867.189941,2867.189941,3560090000,2867.189941,10000.0,2867.189941,3.487735,10000.0,0.0,1082.9720340000001,1640000.0,1514.3512006885303
2019-05-01,2952.330078,2954.129883,2923.360107,2923.72998,2923.72998,3669330000,2923.72998,10000.0,2923.72998,3.420288,10000.0,0.0,1086.3923220000001,1650000.0,1518.788347990552
2019-06-03,2751.530029,2763.070068,2728.810059,2744.449951,2744.449951,3952360000,2744.449951,10000.0,2744.449951,3.643717,10000.0,0.0,1090.036039,1660000.0,1522.8854281945441
2019-07-01,2971.409912,2977.929932,2952.219971,2964.330078,2964.330078,3524860000,2964.330078,10000.0,2964.330078,3.373443,10000.0,0.0,1093.409482,1670000.0,1527.3326484651795
2019-08-01,2980.320068,3013.590088,2945.22998,2953.560059,2953.560059,4793810000,2953.560059,10000.0,2953.560059,3.385745,10000.0,0.0,1096.795227,1680000.0,1531.7353309379416
2019-09-03,2909.01001,2914.389893,2891.850098,2906.27002,2906.27002,3427830000,2906.27002,10000.0,2906.27002,3.440837,10000.0,0.0,1100.2360640000002,1690000.0,1536.0339978821125
2019-10-01,2983.689941,2992.530029,2938.699951,2940.25,2940.25,3560750000,2940.25,10000.0,2940.25,3.401071,10000.0,0.0,1103.6371350000002,1700000.0,1540.3613616172854
2019-11-01,3050.719971,3066.949951,3050.719971,3066.909912,3066.909912,3956290000,3066.909912,10000.0,3066.909912,3.260611,10000.0,0.0,1106.897746,1710000.0,1544.8581462736124
2019-12-02,3143.850098,3144.310059,3110.780029,3113.870117,3113.870117,3285750000,3113.870117,10000.0,3113.870117,3.211438,10000.0,0.0,1110.1091840000001,1720000.0,1549.3971447046417
2020-01-02,3244.669922,3258.139893,3235.530029,3257.850098,3257.850098,3459930000,3257.850098,10000.0,3257.850098,3.069509,10000.0,0.0,1113.178693,1730000.0,1554.108078854506
2020-02-03,3235.659912,3268.439941,3235.659912,3248.919922,3248.919922,3760460000,3248.919922,10000.0,3248.919922,3.077946,10000.0,0.0,1116.2566390000002,1740000.0,1558.781322509115
2020-03-02,2974.280029,3090.959961,2945.189941,3090.22998,3090.22998,6381330000,3090.22998,10000.0,3090.22998,3.236005,10000.0,0.0,1119.4926440000002,1750000.0,1563.2081276989613
2020-04-01,2498.080078,2522.75,2447.48999,2470.5,2470.5,5964000000,2470.5,10000.0,2470.5,4.047764,10000.0,0.0,1123.540408,1760000.0,1566.4768151356066
2020-05-01,2869.090088,2869.090088,2821.610107,2830.709961,2830.709961,4759810000,2830.709961,10000.0,2830.709961,3.532683,10000.0,0.0,1127.073091,1770000.0,1570.4394099495007
2020-06-01,3038.780029,3062.179932,3031.540039,3055.72998,3055.72998,4684170000,3055.72998,10000.0,3055.72998,3.27254,10000.0,0.0,1130.345631,1780000.0,1574.7395762703666
2020-07-01,3105.919922,3128.439941,3101.169922,3115.860107,3115.860107,4449230000,3115.860107,10000.0,3115.860107,3.209387,10000.0,0.0,1133.555018,1790000.0,1579.1028856792552
2020-08-03,3288.26001,3302.72998,3284.530029,3294.610107,3294.610107,4438940000,3294.610107,10000.0,3294.610107,3.035261,10000.0,0.0,1136.590279,1800000.0,1583.684141292924
2020-09-01,3507.439941,3528.030029,3494.600098,3526.649902,3526.649902,4101490000,3526.649902,10000.0,3526.649902,2.835552,10000.0,0.0,1139.425831,1810000.0,1588.5193671723948
2020-10-01,3385.870117,3397.179932,3361.389893,3380.800049,3380.800049,4076340000,3380.800049,10000.0,3380.800049,2.95788,10000.0,0.0,1142.383711,1820000.0,1593.1599710983626
2020-11-02,3296.199951,3330.139893,3279.73999,3310.23999,3310.23999,4314690000,3310.23999,10000.0,3310.23999,3.020929,10000.0,0.0,1145.40464,1830000.0,1597.68865612418
2020-12-01,3645.870117,3678.449951,3645.870117,3662.449951,3662.449951,5418480000,3662.449951,10000.0,3662.449951,2.730413,10000.0,0.0,1148.135053,1840000.0,1602.5989235257675
2021-01-04,3764.610107,3769.98999,3662.709961,3700.649902,3700.649902,5015000000,3700.649902,10000.0,3700.649902,2.702228,10000.0,0.0,1150.837281,1850000.0,1607.525260558534
2021-02-01,3731.169922,3784.320068,3725.620117,3773.860107,3773.860107,5436230000,3773.860107,10000.0,3773.860107,2.649807,10000.0,0.0,1153.487088,1860000.0,1612.5017950786112
2021-03-01,3842.51001,3914.5,3842.51001,3901.820068,3901.820068,5114820000,3901.820068,10000.0,3901.820068,2.562906,10000.0,0.0,1156.0499940000002,1870000.0,1617.577102811697
2021-04-01,3992.780029,4020.629883,3992.780029,4019.870117,4019.870117,4162130000,4019.870117,10000.0,4019.870117,2.487643,10000.0,0.0,1158.5376370000001,1880000.0,1622.7353691056649
2021-05-03,4191.97998,4209.390137,4188.029785,4192.660156,4192.660156,4070220000,4192.660156,10000.0,4192.660156,2.385121,10000.0,0.0,1160.9227580000002,1890000.0,1628.0152895409083
2021-06-01,4216.52002,4234.120117,4197.589844,4202.040039,4202.040039,5074670000,4202.040039,10000.0,4202.040039,2.379796,10000.0,0.0,1163.302554,1900000.0,1633.281035502652
2021-07-01,4300.72998,4320.660156,4300.72998,4319.939941,4319.939941,3788230000,4319.939941,10000.0,4319.939941,2.314847,10000.0,0.0,1165.6174010000002,1910000.0,1638.6165806733693
2021-08-02,4406.859863,4422.180176,4384.810059,4387.160156,4387.160156,3724090000,4387.160156,10000.0,4387.160156,2.279379,10000.0,0.0,1167.8967800000003,1920000.0,1643.980900435396
2021-09-01,4528.799805,4537.109863,4522.02002,4524.089844,4524.089844,4057340000,4524.089844,10000.0,4524.089844,2.210389,10000.0,0.0,1170.1071690000003,1930000.0,1649.4215667864175
2021-10-01,4317.160156,4375.189941,4288.52002,4357.040039,4357.040039,4010370000,4357.040039,10000.0,4357.040039,2.295136,10000.0,0.0,1172.4023050000003,1940000.0,1654.7220964394126
2021-11-01,4610.620117,4620.339844,4595.060059,4613.669922,4613.669922,3971540000,4613.669922,10000.0,4613.669922,2.167472,10000.0,0.0,1174.5697770000004,1950000.0,1660.182339256631
2021-12-01,4602.819824,4652.939941,4510.27002,4513.040039,4513.040039,5366730000,4513.040039,10000.0,4513.040039,2.215801,10000.0,0.0,1176.7855780000004,1960000.0,1665.5540623901147
2022-01-03,4778.140137,4796.640137,4758.169922,4796.560059,4796.560059,3831020000,4796.560059,10000.0,4796.560059,2.084827,10000.0,0.0,1178.8704050000003,1970000.0,1671.0912341547835
2022-02-01,4519.569824,4550.490234,4483.529785,4546.540039,4546.540039,4816830000,4546.540039,10000.0,4546.540039,2.199475,10000.0,0.0,1181.0698800000002,1980000.0,1676.4461049501995
2022-03-01,4363.140137,4378.450195,4279.540039,4306.259766,4306.259766,5846230000,4306.259766,10000.0,4306.259766,2.322201,10000.0,0.0,1183.3920810000002,1990000.0,1681.6066559431367
2022-04-01,4540.319824,4548.700195,4507.569824,4545.859863,4545.859863,4562940000,4545.859863,10000.0,4545.859863,2.199804,10000.0,0.0,1185.5918850000003,2000000.0,1686.9211280068769
2022-05-02,4130.609863,4169.810059,4062.51001,4155.379883,4155.379883,5163790000,4155.379883,10000.0,4155.379883,2.406519,10000.0,0.0,1187.9984040000002,2010000.0,1691.9214649045941
2022-06-01,4149.779785,4166.540039,4073.850098,4101.22998,4101.22998,4531800000,4101.22998,10000.0,4101.22998,2.438293,10000.0,0.0,1190.436697,2020000.0,1696.856292393009
2022-07-01,3781.0,3829.820068,3752.100098,3825.330078,3825.330078,4046950000,3825.330078,10000.0,3825.330078,2.614153,10000.0,0.0,1193.05085,2030000.0,1701.5200986613436
2022-08-01,4112.379883,4144.950195,4096.02002,4118.629883,4118.629883,4202810000,4118.629883,10000.0,4118.629883,2.427992,10000.0,0.0,1195.478842,2040000.0,1706.4291966783298
2022-09-01,3936.72998,3970.22998,3903.649902,3966.850098,3966.850098,4152250000,3966.850098,10000.0,3966.850098,2.520892,10000.0,0.0,1197.999734,2050000.0,1711.1856887941512
2022-10-03,3609.780029,3698.350098,3604.929932,3678.429932,3678.429932,4806680000,3678.429932,10000.0,3678.429932,2.718551,10000.0,0.0,1200.718285,2060000.0,1715.639734760931
2022-11-01,3901.790039,3911.790039,3843.800049,3856.100098,3856.100098,4481210000,3856.100098,10000.0,3856.100098,2.593294,10000.0,0.0,1203.311579,2070000.0,1720.252706053284
2022-12-01,4087.139893,4100.509766,4050.870117,4076.570068,4076.570068,4527130000,4076.570068,10000.0,4076.570068,2.453043,10000.0,0.0,1205.764622,2080000.0,1725.0464659925974
2023-01-03,3853.290039,3878.459961,3794.330078,3824.139893,3824.139893,3959140000,3824.139893,10000.0,3824.139893,2.614967,10000.0,0.0,1208.379589,2090000.0,1729.5889627940414
2023-02-01,4070.070068,4148.950195,4037.199951,4119.209961,4119.209961,4856930000,4119.209961,10000.0,4119.209961,2.42765,10000.0,0.0,1210.807239,2100000.0,1734.3801163052017
2023-03-01,3963.340088,3971.72998,3939.050049,3951.389893,3951.389893,4249480000,3951.389893,10000.0,3951.389893,2.530755,10000.0,0.0,1213.337994,2110000.0,1739.004309132349
2023-04-03,4102.200195,4127.660156,4098.790039,4124.509766,4124.509766,4234700000,4124.509766,10000.0,4124.509766,2.424531,10000.0,0.0,1215.7625249999999,2120000.0,1743.7615952177835
2023-05-01,4166.790039,4186.919922,4164.120117,4167.870117,4167.870117,3321370000,4167.870117,10000.0,4167.870117,2.399307,10000.0,0.0,1218.1618319999998,2130000.0,1748.536150162354
2023-06-01,4183.029785,4232.430176,4171.640137,4221.02002,4221.02002,4391860000,4221.02002,10000.0,4221.02002,2.369096,10000.0,0.0,1220.5309279999997,2140000.0,1753.335332113764
2023-07-03,4450.47998,4456.459961,4442.290039,4455.589844,4455.589844,2034280000,4455.589844,10000.0,4455.589844,2.244372,10000.0,0.0,1222.7752999999998,2150000.0,1758.2952485219487
2023-08-01,4578.830078,4584.620117,4567.529785,4576.72998,4576.72998,4042370000,4576.72998,10000.0,4576.72998,2.184966,10000.0,0.0,1224.9602659999998,2160000.0,1763.3225011071504
2023-09-01,4530.600098,4541.25,4501.350098,4515.77002,4515.77002,3246260000,4515.77002,10000.0,4515.77002,2.214462,10000.0,0.0,1227.1747279999997,2170000.0,1768.2893482793434
2023-10-02,4284.52002,4300.580078,4260.209961,4288.390137,4288.390137,3938660000,4288.390137,10000.0,4288.390137,2.331877,10000.0,0.0,1229.5066049999998,2180000.0,1773.0689620817452
2023-11-01,4201.27002,4245.640137,4197.740234,4237.859863,4237.859863,4224900000,4237.859863,10000.0,4237.859863,2.359682,10000.0,0.0,1231.8662869999998,2190000.0,1777.790352014074
2023-12-01,4559.430176,4599.390137,4554.709961,4594.629883,4594.629883,4397120000,4594.629883,10000.0,4594.629883,2.176454,10000.0,0.0,1234.0427409999998,2200000.0,1782.758349372277
2024-01-02,4745.200195,4754.330078,4722.669922,4742.830078,4742.830078,3743050000,4742.830078,10000.0,4742.830078,2.108446,10000.0,0.0,1236.1511869999997,2210000.0,1787.8072061423345
2024-02-01,4861.109863,4906.970215,4853.52002,4906.189941,4906.189941,4386090000,4906.189941,10000.0,4906.189941,2.038242,10000.0,0.0,1238.1894289999998,2220000.0,1792.940521058188
2024-03-01,5098.509766,5140.330078,5094.160156,5137.080078,5137.080078,4748110000,5137.080078,10000.0,5137.080078,1.946631,10000.0,0.0,1240.1360599999998,2230000.0,1798.1897889494483
2024-04-01,5257.970215,5263.950195,5229.200195,5243.77002,5243.77002,3325930000,5243.77002,10000.0,5243.77002,1.907025,10000.0,0.0,1242.0430849999998,2240000.0,1803.4801103538211
2024-05-01,5029.029785,5096.120117,5013.450195,5018.390137,5018.390137,4544170000,5018.390137,10000.0,5018.390137,1.992671,10000.0,0.0,1244.0357559999998,2250000.0,1808.6296870071637
2024-06-03,5297.149902,5302.109863,5234.319824,5283.399902,5283.399902,4046920000,5283.399902,10000.0,5283.399902,1.892721,10000.0,0.0,1245.9284769999997,2260000.0,1813.9082954759374
2024-07-01,5471.080078,5479.549805,5446.529785,5475.089844,5475.089844,3488760000,5475.089844,10000.0,5475.089844,1.826454,10000.0,0.0,1247.7549309999997,2270000.0,1819.2675048622993
2024-08-01,5537.839844,5566.160156,5410.419922,5446.680176,5446.680176,4703620000,5446.680176,10000.0,5446.680176,1.835981,10000.0,0.0,1249.5909119999997,2280000.0,1824.5971366347458
2024-09-03,5623.890137,5623.890137,5504.330078,5528.930176,5528.930176,3866350000,5528.930176,10000.0,5528.930176,1.808668,10000.0,0.0,1251.3995799999996,2290000.0,1829.9510696655348
2024-10-01,5757.72998,5757.72998,5681.279785,5708.75,5708.75,4025180000,5708.75,10000.0,5708.75,1.751697,10000.0,0.0,1253.1512769999995,2300000.0,1835.3729850606064
2024-11-01,5723.220215,5772.52002,5723.220215,5728.799805,5728.799805,3796450000,5728.799805,10000.0,5728.799805,1.745566,10000.0,0.0,1254.8968429999995,2310000.0,1840.7887571679873
2024-12-02,6040.109863,6053.580078,6035.330078,6047.149902,6047.149902,4412470000,6047.149902,10000.0,6047.149902,1.653672,10000.0,0.0,1256.5505149999995,2320000.0,1846.3244989398625
2025-01-02,5903.259766,5935.089844,5829.529785,5868.549805,5868.549805,3621680000,5868.549805,10000.0,5868.549805,1.703998,10000.0,0.0,1258.2545129999994,2330000.0,1851.7716216607769
2025-02-03,5969.649902,6022.129883,5923.930176,5994.569824,5994.569824,4797210000,5994.569824,10000.0,5994.569824,1.668176,10000.0,0.0,1259.9226889999993,2340000.0,1857.2568145885666
2025-03-03,5968.330078,5986.089844,5810.910156,5849.720215,5849.720215,5613850000,5849.720215,10000.0,5849.720215,1.709483,10000.0,0.0,1261.6321719999994,2350000.0,1862.66651418271
2025-04-01,5597.529785,5650.569824,5558.52002,5633.069824,5633.069824,4434500000,5633.069824,10000.0,5633.069824,1.775231,10000.0,0.0,1263.4074029999995,2360000.0,1867.9643592368604
2025-05-01,5625.140137,5658.910156,5597.350098,5604.140137,5604.140137,4935270000,5604.140137,10000.0,5604.140137,1.784395,10000.0,0.0,1265.1917979999994,2370000.0,1873.2337687823053
2025-06-02,5896.680176,5937.399902,5861.430176,5935.939941,5935.939941,4832240000,5935.939941,10000.0,5935.939941,1.684653,10000.0,0.0,1266.8764509999994,2380000.0,1878.6362301717463
2025-07-01,6187.25,6210.779785,6177.970215,6198.009766,6198.009766,6275310000,6198.009766,10000.0,6198.009766,1.613421,10000.0,0.0,1268.4898719999994,2390000.0,1884.1301399054457
2025-08-01,6287.279785,6287.279785,6212.689941,6238.009766,6238.009766,5827150000,6238.009766,10000.0,6238.009766,1.603075,10000.0,0.0,1270.0929469999994,2400000.0,1889.6254842363132
2025-09-02,6401.509766,6416.540039,6360.580078,6415.540039,6415.540039,4784000000,6415.540039,10000.0,6415.540039,1.558715,10000.0,0.0,1271.6516619999993,2410000.0,1895.173082390861
2025-10-01,6664.919922,6718.47998,6656.200195,6711.200195,6711.200195,6037950000,6711.200195,10000.0,6711.200195,1.490046,10000.0,0.0,1273.1417079999992,2420000.0,1900.809615138303
2025-11-03,6882.319824,6882.319824,6820.620117,6851.970215,6851.970215,6065720000,6851.970215,10000.0,6851.970215,1.459434,10000.0,0.0,1274.6011419999993,2430000.0,1906.4787563166967
2025-12-01,6812.299805,6843.649902,6799.939941,6812.629883,6812.629883,4549370000,6812.629883,10000.0,6812.629883,1.467862,10000.0,0.0,1276.0690039999993,2440000.0,1912.1223008720626
2026-01-02,6878.109863,6894.870117,6824.310059,6858.470215,6858.470215,4184120000,6858.470215,10000.0,6858.470215,1.458051,10000.0,0.0,1277.5270549999993,2450000.0,1917.7676045381295
2026-02-02,6916.640137,6991.919922,6914.339844,6976.439941,6976.439941,5772050000,6976.439941,10000.0,6976.439941,1.433396,10000.0,0.0,1278.9604509999992,2460000.0,1923.437114944848
2026-03-02,6824.359863,6901.009766,6796.850098,6881.620117,6881.620117,6079080000,6881.620117,10000.0,6881.620117,1.453146,10000.0,0.0,1280.4135969999993,2470000.0,1929.0641756594853
2026-04-01,6556.560059,6609.669922,6554.290039,6575.319824,6575.319824,5637260000,6575.319824,10000.0,6575.319824,1.520839,10000.0,0.0,1281.9344359999993,2480000.0,1934.5763171307783
