Date,Open,High,Low,Close,Adj_Close,Volume,Price,BuyPrice,UnitsBought,CashUsed,InvestAmount,CashRemainder,CumUnits,CumInvested,AvgCost
2005-09-02,12571.8798828125,12600.0,12544.3701171875,12600.0,12600.0,89700000.0,12600.0,12600.0,0.793651,10000.0026,10000.0026,0.0,0.793651,10000.0026,12600.0
2005-10-03,13566.2001953125,13584.6103515625,13454.669921875,13525.2802734375,13525.2802734375,203400000.0,13525.2802734375,13525.2802734375,0.793651,10734.352214293946,10734.352214293946,0.0,1.587302,20734.354814293947,13062.640136718752
2005-11-01,13718.2099609375,13867.8603515625,13706.330078125,13867.8603515625,13867.8603515625,113700000.0,13867.8603515625,13867.8603515625,0.793651,11006.24123587793,11006.24123587793,0.0,2.380953,31740.596050171876,13331.046875000002
2005-12-01,14914.75,15130.5,14880.1796875,15130.5,15130.5,150800000.0,15130.5,15130.5,0.793651,12008.3364555,12008.3364555,0.0,3.174604,43748.93250567188,13780.910156250002
2006-01-04,16294.650390625,16361.5400390625,16250.759765625,16361.5400390625,16361.5400390625,94300000.0,16361.5400390625,16361.5400390625,0.793651,12985.352613541992,12985.352613541992,0.0,3.968255,56734.28511921388,14297.036132812502
2006-02-01,16594.900390625,16671.91015625,16480.08984375,16480.08984375,16480.08984375,160300000.0,16480.08984375,16480.08984375,0.793651,13079.439784582031,13079.439784582031,0.0,4.761906,69813.72490379591,14660.878417968754
2006-03-01,16026.8203125,16053.2998046875,15910.650390625,15964.4599609375,15964.4599609375,139300000.0,15964.4599609375,15964.4599609375,0.793651,12670.209612458008,12670.209612458008,0.0,5.555556999999999,82483.93451625392,14847.104352678576
2006-04-03,17127.609375,17387.080078125,17105.5,17333.310546875,17333.310546875,129600000.0,17333.310546875,17333.310546875,0.793651,13756.59924883789,13756.59924883789,0.0,6.349207999999999,96240.53376509182,15157.88012695313
2006-05-01,16929.830078125,16965.330078125,16868.689453125,16925.7109375,16925.7109375,79600000.0,16925.7109375,16925.7109375,0.793651,13433.107411257812,13433.107411257812,0.0,7.142858999999999,109673.64117634963,15354.30577256945
2006-06-01,15603.25,15655.0,15417.509765625,15503.740234375,15503.740234375,102500000.0,15503.740234375,15503.740234375,0.793651,12304.558940751953,12304.558940751953,0.0,7.936509999999998,121978.20011710159,15369.249218750007
2006-07-03,15573.349609375,15617.2197265625,15513.2900390625,15571.6201171875,15571.6201171875,102700000.0,15571.6201171875,15571.6201171875,0.793651,12358.431877625977,12358.431877625977,0.0,8.730160999999999,134336.63199472756,15387.646573153414
2006-08-01,15387.51953125,15522.0302734375,15365.7099609375,15440.91015625,15440.91015625,93000000.0,15440.91015625,15440.91015625,0.793651,12254.693786417969,12254.693786417969,0.0,9.523812,146591.32578114554,15392.085205078129
2006-09-01,16072.8095703125,16158.48046875,16029.5595703125,16134.25,16134.25,100200000.0,16134.25,16134.25,0.793651,12804.96364675,12804.96364675,0.0,10.317463,159396.28942789554,15449.174804687502
2006-10-02,16169.0,16329.240234375,16157.98046875,16254.2900390625,16254.2900390625,102600000.0,16254.2900390625,16254.2900390625,0.793651,12900.233543791992,12900.233543791992,0.0,11.111114,172296.52297168752,15506.683035714286
2006-11-01,16338.7197265625,16444.509765625,16246.240234375,16375.259765625,16375.259765625,103800000.0,16375.259765625,16375.259765625,0.793651,12996.241288248048,12996.241288248048,0.0,11.904765000000001,185292.76425993556,15564.588151041666
2006-12-01,16313.01953125,16376.2998046875,16242.009765625,16321.7802734375,16321.7802734375,111800000.0,16321.7802734375,16321.7802734375,0.793651,12953.797235793945,12953.797235793945,0.0,12.698416000000002,198246.56149572952,15611.912658691406
2007-01-04,17322.5,17379.4609375,17315.759765625,17353.669921875,17353.669921875,80100000.0,17353.669921875,17353.669921875,0.793651,13772.757487166016,13772.757487166016,0.0,13.492067000000002,212019.31898289552,15714.368968290439
2007-02-01,17377.029296875,17543.9609375,17361.009765625,17519.5,17519.5,167800000.0,17519.5,17519.5,0.793651,13904.368694499999,13904.368694499999,0.0,14.285718000000003,225923.68767739553,15814.654025607637
2007-03-01,17542.23046875,17557.419921875,17261.599609375,17453.509765625,17453.509765625,222300000.0,17453.509765625,17453.509765625,0.793651,13851.995478998047,13851.995478998047,0.0,15.079369000000003,239775.68315639358,15900.909590871708
2007-04-02,17346.25,17425.740234375,16999.05078125,17028.41015625,17028.41015625,153900000.0,17028.41015625,17028.41015625,0.793651,13514.61474891797,13514.61474891797,0.0,15.873020000000004,253290.29790531154,15957.284619140622
2007-05-01,17396.30078125,17396.30078125,17203.029296875,17274.98046875,17274.98046875,120300000.0,17274.98046875,17274.98046875,0.793651,13710.305524003907,13710.305524003907,0.0,16.666671000000004,267000.60342931544,16020.032040550592
2007-06-01,17949.919921875,18017.73046875,17943.6796875,17958.880859375,17958.880859375,158700000.0,17958.880859375,17958.880859375,0.793651,14253.083752923829,14253.083752923829,0.0,17.460322000000005,281253.68718223926,16108.161532315336
2007-07-02,18139.0390625,18175.30078125,18062.490234375,18146.30078125,18146.30078125,108600000.0,18146.30078125,18146.30078125,0.793651,14401.829761339844,14401.829761339844,0.0,18.253973000000006,295655.5169435791,16196.776282269015
2007-08-01,17169.19921875,17169.19921875,16845.5390625,16870.98046875,16870.98046875,161400000.0,16870.98046875,16870.98046875,0.793651,13389.670520003907,13389.670520003907,0.0,19.047624000000006,309045.18746358296,16224.868123372387
2007-09-03,16511.0703125,16575.970703125,16452.740234375,16524.9296875,16524.9296875,96700000.0,16524.9296875,16524.9296875,0.793651,13115.026971414063,13115.026971414063,0.0,19.841275000000007,322160.214434997,16236.870585937491
2007-10-01,16773.099609375,16899.83984375,16685.80078125,16845.9609375,16845.9609375,108600000.0,16845.9609375,16845.9609375,0.793651,13369.813744007812,13369.813744007812,0.0,20.634926000000007,335530.0281790048,16260.297137920663
2007-11-01,16812.900390625,16887.0390625,16795.55078125,16870.400390625,16870.400390625,144900000.0,16870.400390625,16870.400390625,0.793651,13389.210140419922,13389.210140419922,0.0,21.428577000000008,348919.23831942474,16282.89355468749
2007-12-03,15747.4697265625,15799.6904296875,15577.6904296875,15628.9697265625,15628.9697265625,137500000.0,15628.9697265625,15628.9697265625,0.793651,12403.947452456054,12403.947452456054,0.0,22.22222800000001,361323.1857718808,16259.539132254455
2008-01-04,15155.73046875,15156.66015625,14542.580078125,14691.41015625,14691.41015625,98700000.0,14691.41015625,14691.41015625,0.793651,11659.852361917969,11659.852361917969,0.0,23.01587900000001,372983.03813379875,16205.465719288783
2008-02-01,13517.740234375,13648.3896484375,13444.080078125,13497.16015625,13497.16015625,142600000.0,13497.16015625,13497.16015625,0.793651,10712.034655167969,10712.034655167969,0.0,23.80953000000001,383695.0727889667,16115.18886718749
2008-03-03,13412.8701171875,13413.6298828125,12992.1796875,12992.1796875,12992.1796875,142400000.0,12992.1796875,12992.1796875,0.793651,10311.256401164062,10311.256401164062,0.0,24.60318100000001,394006.32919013075,16014.446635584667
2008-04-01,12539.7998046875,12779.1396484375,12521.83984375,12656.419921875,12656.419921875,114500000.0,12656.419921875,12656.419921875,0.793651,10044.780327416016,10044.780327416016,0.0,25.39683200000001,404051.1095175468,15909.508300781239
2008-05-01,13802.58984375,13884.6298828125,13727.0703125,13766.8603515625,13766.8603515625,110700000.0,13766.8603515625,13766.8603515625,0.793651,10926.08248487793,10926.08248487793,0.0,26.19048300000001,414977.19200242474,15844.579575047339
2008-06-02,14342.9599609375,14461.0302734375,14189.9697265625,14440.1396484375,14440.1396484375,154800000.0,14440.1396484375,14440.1396484375,0.793651,11460.43127212207,11460.43127212207,0.0,26.98413400000001,426437.6232745468,15803.272518382344
2008-07-01,13514.8603515625,13576.41015625,13448.349609375,13463.2001953125,13463.2001953125,121400000.0,13463.2001953125,13463.2001953125,0.793651,10685.082298209962,10685.082298209962,0.0,27.777785000000012,437122.70557275676,15736.413309151776
2008-08-01,13276.5703125,13294.169921875,13039.2099609375,13094.58984375,13094.58984375,135000000.0,13094.58984375,13094.58984375,0.793651,10392.534324082031,10392.534324082031,0.0,28.571436000000013,447515.2398968388,15663.029324001725
2008-09-01,12936.8095703125,12940.5498046875,12834.1796875,12834.1796875,12834.1796875,87500000.0,12834.1796875,12834.1796875,0.793651,10185.859543164062,10185.859543164062,0.0,29.365087000000013,457701.0994400029,15586.5739284206
2008-10-01,11396.6103515625,11456.6396484375,11314.2802734375,11368.259765625,11368.259765625,142400000.0,11368.259765625,11368.259765625,0.793651,9022.430731248047,9022.430731248047,0.0,30.158738000000014,466723.5301712509,15475.56566097861
2008-11-04,8702.76953125,9142.2900390625,8699.76953125,9114.599609375,9114.599609375,164800000.0,9114.599609375,9114.599609375,0.793651,7233.811094580078,7233.811094580078,0.0,30.952389000000014,473957.341265831,15312.463967347749
2008-12-01,8464.3603515625,8464.3603515625,8307.2802734375,8397.2197265625,8397.2197265625,106900000.0,8397.2197265625,8397.2197265625,0.793651,6664.4618332060545,6664.4618332060545,0.0,31.746040000000015,480621.8030990371,15139.582861328117
2009-01-05,8991.2099609375,9127.3798828125,8987.3603515625,9043.1201171875,9043.1201171875,84900000.0,9043.1201171875,9043.1201171875,0.793651,7177.081324125977,7177.081324125977,0.0,32.53969100000001,487798.8844231631,14990.888648056396
2009-02-02,7908.509765625,7955.75,7795.27001953125,7873.97998046875,7873.97998046875,159700000.0,7873.97998046875,7873.97998046875,0.793651,6249.192085479004,6249.192085479004,0.0,33.33334200000001,494048.07650864206,14821.438441685263
2009-03-02,7454.27978515625,7454.27978515625,7234.9599609375,7280.14990234375,7280.14990234375,125400000.0,7280.14990234375,7280.14990234375,0.793651,5777.898250145019,5777.898250145019,0.0,34.126993000000006,499825.9747587871,14646.059638444764
2009-04-01,8173.35986328125,8351.91015625,8084.6201171875,8351.91015625,8351.91015625,157000000.0,8351.91015625,8351.91015625,0.793651,6628.501847417969,6628.501847417969,0.0,34.920644,506454.47660620505,14503.010786576702
2009-05-01,8848.83984375,9017.3203125,8827.1298828125,8977.3701171875,8977.3701171875,154800000.0,8977.3701171875,8977.3701171875,0.793651,7124.898770875977,7124.898770875977,0.0,35.714295,513579.37537708104,14380.21877170139
2009-06-01,9517.490234375,9691.73046875,9491.259765625,9677.75,9677.75,177600000.0,9677.75,9677.75,0.793651,7680.75596525,7680.75596525,0.0,36.507946,521260.13134233106,14277.991189707882
2009-07-01,9889.33984375,10086.1796875,9874.0,9939.9296875,9939.9296875,158100000.0,9939.9296875,9939.9296875,0.793651,7888.835136414063,7888.835136414063,0.0,37.301596999999994,529148.9664787451,14185.692008809843
2009-08-03,10355.23046875,10380.5703125,10322.0,10352.4697265625,10352.4697265625,162000000.0,10352.4697265625,10352.4697265625,0.793651,8216.247950956054,8216.247950956054,0.0,38.09524799999999,537365.2144297012,14105.833211263025
2009-09-02,10378.080078125,10378.080078125,10215.599609375,10280.4599609375,10280.4599609375,138100000.0,10280.4599609375,10280.4599609375,0.793651,8159.097328458008,8159.097328458008,0.0,38.88889899999999,545524.3117581592,14027.764369419647
2009-10-01,10072.6396484375,10077.2197265625,9965.0595703125,9978.6396484375,9978.6396484375,134900000.0,9978.6396484375,9978.6396484375,0.793651,7919.55733562207,7919.55733562207,0.0,39.682549999999985,553443.8690937812,13946.781875000004
2009-11-02,9903.76953125,9904.6103515625,9736.1396484375,9802.9501953125,9802.9501953125,128500000.0,9802.9501953125,9802.9501953125,0.793651,7780.12122545996,7780.12122545996,0.0,40.47620099999998,561223.9903192412,13865.530273437505
2009-12-01,9281.8203125,9572.2001953125,9233.2001953125,9572.2001953125,9572.2001953125,212800000.0,9572.2001953125,9572.2001953125,0.793651,7596.986257209961,7596.986257209961,0.0,41.26985199999998,568820.9765764511,13782.966233473562
2010-01-04,10609.33984375,10694.490234375,10608.1396484375,10654.7900390625,10654.7900390625,104400000.0,10654.7900390625,10654.7900390625,0.793651,8456.184769291993,8456.184769291993,0.0,42.063502999999976,577277.1613457431,13723.944041126186
2010-02-01,10212.3603515625,10224.830078125,10129.91015625,10205.01953125,10205.01953125,161900000.0,10205.01953125,10205.01953125,0.793651,8099.2239559960935,8099.2239559960935,0.0,42.85715399999997,585376.3853017392,13658.778772424776
2010-03-01,10128.73046875,10215.150390625,10116.8603515625,10172.0595703125,10172.0595703125,108400000.0,10172.0595703125,10172.0595703125,0.793651,8073.065250038086,8073.065250038086,0.0,43.65080499999997,593449.4505517773,13595.383877840917
2010-04-01,11178.919921875,11272.73046875,11118.1796875,11244.400390625,11244.400390625,166500000.0,11244.400390625,11244.400390625,0.793651,8924.129614419922,8924.129614419922,0.0,44.44445599999997,602373.5801661971,13553.402029854919
2010-05-06,10847.900390625,10847.900390625,10682.6103515625,10695.6904296875,10695.6904296875,183800000.0,10695.6904296875,10695.6904296875,0.793651,8488.645405211913,8488.645405211913,0.0,45.238106999999964,610862.2255714091,13503.266738623912
2010-06-01,9747.259765625,9747.259765625,9658.4404296875,9711.830078125,9711.830078125,110400000.0,9711.830078125,9711.830078125,0.793651,7707.803653333985,7707.803653333985,0.0,46.03175799999996,618570.0292247431,13437.897141029105
2010-07-01,9296.8603515625,9297.4501953125,9147.6796875,9191.599609375,9191.599609375,125400000.0,9191.599609375,9191.599609375,0.793651,7294.922221580078,7294.922221580078,0.0,46.82540899999996,625864.9514463232,13365.9259964248
2010-08-02,9574.6396484375,9676.41015625,9548.8603515625,9570.3095703125,9570.3095703125,135600000.0,9570.3095703125,9570.3095703125,0.793651,7595.485760788086,7595.485760788086,0.0,47.619059999999955,633460.4372071113,13302.665722656262
2010-09-01,8833.3203125,8932.150390625,8796.4501953125,8927.01953125,8927.01953125,120100000.0,8927.01953125,8927.01953125,0.793651,7084.937977996094,7084.937977996094,0.0,48.41271099999995,640545.3751851073,13230.93381787911
2010-10-01,9440.51953125,9470.3603515625,9358.6201171875,9404.23046875,9404.23046875,163200000.0,9404.23046875,9404.23046875,0.793651,7463.6769157539065,7463.6769157539065,0.0,49.20636199999995,648009.0521008612,13169.212796118964
2010-11-01,9166.849609375,9258.3203125,9134.4697265625,9154.7197265625,9154.7197265625,125400000.0,9154.7197265625,9154.7197265625,0.793651,7265.6524657060545,7265.6524657060545,0.0,50.000012999999946,655274.7045665673,13105.490683903783
2010-12-01,9939.7998046875,9988.0498046875,9918.5498046875,9988.0498046875,9988.0498046875,122600000.0,9988.0498046875,9988.0498046875,0.793651,7927.025715540039,7927.025715540039,0.0,50.79366399999994,663201.7302821074,13056.780670166028
2011-01-04,10352.1904296875,10409.169921875,10321.2802734375,10398.099609375,10398.099609375,114100000.0,10398.099609375,10398.099609375,0.793651,8252.462153080078,8252.462153080078,0.0,51.58731499999994,671454.1924351874,13015.877884615398
2011-02-01,10281.5498046875,10299.3798828125,10245.75,10274.5,10274.5,149000000.0,10274.5,10274.5,0.793651,8154.3671994999995,8154.3671994999995,0.0,52.38096599999994,679608.5596346874,12974.341856060619
2011-03-01,10676.240234375,10754.0302734375,10672.91015625,10754.0302734375,10754.0302734375,156400000.0,10754.0302734375,10754.0302734375,0.793651,8534.946880543945,8534.946880543945,0.0,53.174616999999934,688143.5065152313,12941.202877215499
2011-04-01,9757.2802734375,9822.0595703125,9698.599609375,9708.3896484375,9708.3896484375,191500000.0,9708.3896484375,9708.3896484375,0.793651,7705.07315287207,7705.07315287207,0.0,53.96826799999993,695848.5796681034,12893.661506204058
2011-05-02,9964.3896484375,10017.4697265625,9936.26953125,10004.2001953125,10004.2001953125,127800000.0,10004.2001953125,10004.2001953125,0.793651,7939.843489209961,7939.843489209961,0.0,54.76191899999993,703788.4231573134,12851.785255321573
2011-06-01,9708.0498046875,9720.73046875,9659.3095703125,9719.6103515625,9719.6103515625,136000000.0,9719.6103515625,9719.6103515625,0.793651,7713.978475127929,7713.978475127929,0.0,55.555569999999925,711502.4016324413,12807.039899553587
2011-07-01,9878.6904296875,9900.5703125,9849.6396484375,9868.0703125,9868.0703125,111600000.0,9868.0703125,9868.0703125,0.793651,7831.8038715859375,7831.8038715859375,0.0,56.34922099999992,719334.2055040273,12765.645961707763
2011-08-01,9907.0400390625,10040.1298828125,9906.169921875,9965.009765625,9965.009765625,145000000.0,9965.009765625,9965.009765625,0.793651,7908.739965498047,7908.739965498047,0.0,57.14287199999992,727242.9454695254,12726.74823676217
2011-09-01,9017.009765625,9098.150390625,8998.009765625,9060.7998046875,9060.7998046875,126200000.0,9060.7998046875,9060.7998046875,0.793651,7191.112825790039,7191.112825790039,0.0,57.936522999999916,734434.0582953155,12676.529765089917
2011-10-03,8567.98046875,8577.51953125,8455.669921875,8545.48046875,8545.48046875,143700000.0,8545.48046875,8545.48046875,0.793651,6782.129119503907,6782.129119503907,0.0,58.73017399999991,741216.1874148194,12620.704774598837
2011-11-01,8880.75,8946.0,8831.6904296875,8835.51953125,8835.51953125,103800000.0,8835.51953125,8835.51953125,0.793651,7012.318911496093,7012.318911496093,0.0,59.52382499999991,748228.5063263155,12570.235638020853
2011-12-01,8581.2001953125,8653.8798828125,8577.08984375,8597.3798828125,8597.3798828125,147900000.0,8597.3798828125,8597.3798828125,0.793651,6823.319141374023,6823.319141374023,0.0,60.31747599999991,755051.8254676894,12517.961220189163
2012-01-04,8549.5400390625,8581.4501953125,8547.7001953125,8560.1103515625,8560.1103515625,106000000.0,8560.1103515625,8560.1103515625,0.793651,6793.74014062793,6793.74014062793,0.0,61.111126999999904,761845.5656083174,12466.560559557649
2012-02-01,8789.0595703125,8830.2802734375,8780.099609375,8809.7900390625,8809.7900390625,127200000.0,8809.7900390625,8809.7900390625,0.793651,6991.898674291992,6991.898674291992,0.0,61.9047779999999,768837.4642826094,12419.67888621797
2012-03-01,9771.33984375,9865.75,9666.01953125,9707.3701171875,9707.3701171875,175100000.0,9707.3701171875,9707.3701171875,0.793651,7704.264000875976,7704.264000875976,0.0,62.6984289999999,776541.7282834854,12385.34586382518
2012-04-02,10161.7197265625,10190.349609375,10109.8701171875,10109.8701171875,10109.8701171875,151900000.0,10109.8701171875,10109.8701171875,0.793651,8023.708528375976,8023.708528375976,0.0,63.492079999999895,784565.4368118613,12356.902416992209
2012-05-01,9471.66015625,9472.25,9332.7900390625,9350.9501953125,9350.9501953125,117900000.0,9350.9501953125,9350.9501953125,0.793651,7421.390973459961,7421.390973459961,0.0,64.2857309999999,791986.8277853213,12319.791895736902
2012-06-01,8465.4697265625,8487.4404296875,8422.5,8440.25,8440.25,125200000.0,8440.25,8440.25,0.793651,6698.61285275,6698.61285275,0.0,65.0793819999999,798685.4406380713,12272.480409203525
2012-07-02,9103.7900390625,9103.7900390625,9003.48046875,9003.48046875,9003.48046875,99700000.0,9003.48046875,9003.48046875,0.793651,7145.621277503907,7145.621277503907,0.0,65.8730329999999,805831.0619155752,12233.09486775228
2012-08-01,8622.0400390625,8654.6103515625,8578.16015625,8641.849609375,8641.849609375,123200000.0,8641.849609375,8641.849609375,0.793651,6858.612584330078,6858.612584330078,0.0,66.66668399999989,812689.6744999052,12190.34194800969
2012-09-03,8836.6103515625,8893.3896484375,8773.400390625,8783.8896484375,8783.8896484375,123400000.0,8783.8896484375,8783.8896484375,0.793651,6971.34280337207,6971.34280337207,0.0,67.46033499999989,819661.0173032773,12150.26603860296
2012-10-01,8815.0703125,8829.349609375,8759.0703125,8796.509765625,8796.509765625,99100000.0,8796.509765625,8796.509765625,0.793651,6981.358771998047,6981.358771998047,0.0,68.25398599999988,826642.3760752754,12111.268872638102
2012-11-01,8931.7099609375,8976.080078125,8871.48046875,8946.8701171875,8946.8701171875,140600000.0,8946.8701171875,8946.8701171875,0.793651,7100.692415375976,7100.692415375976,0.0,69.04763699999988,833743.0684906513,12074.896473150164
2012-12-03,9484.2001953125,9525.8203125,9453.48046875,9458.1796875,9458.1796875,110100000.0,9458.1796875,9458.1796875,0.793651,7506.493767164063,7506.493767164063,0.0,69.84128799999988,841249.5622578154,12045.161055131412
2013-01-04,10604.5,10734.23046875,10602.240234375,10688.1103515625,10688.1103515625,219000000.0,10688.1103515625,10688.1103515625,0.793651,8482.629468627929,8482.629468627929,0.0,70.63493899999987,849732.1917264434,12029.913294417156
2013-02-01,11193.7197265625,11237.83984375,11142.259765625,11191.33984375,11191.33984375,278200000.0,11191.33984375,11191.33984375,0.793651,8882.01805833203,8882.01805833203,0.0,71.42858999999987,858614.2097847754,12020.595811631965
2013-03-01,11464.7099609375,11648.6298828125,11464.7099609375,11606.3798828125,11606.3798828125,190100000.0,11606.3798828125,11606.3798828125,0.793651,9211.415000374023,9211.415000374023,0.0,72.22224099999987,867825.6247851495,12016.043988238347
2013-04-01,12371.33984375,12384.830078125,12133.0,12135.01953125,12135.01953125,198200000.0,12135.01953125,12135.01953125,0.793651,9630.970385996094,9630.970385996094,0.0,73.01589199999987,877456.5951711455,12017.337200662387
2013-05-01,13837.7197265625,13844.8203125,13782.0,13799.349609375,13799.349609375,185400000.0,13799.349609375,13799.349609375,0.793651,10951.867616830077,10951.867616830077,0.0,73.80954299999986,888408.4627879756,12036.498624411985
2013-06-03,13551.3603515625,13562.8701171875,13261.8203125,13261.8203125,13261.8203125,282300000.0,13261.8203125,13261.8203125,0.793651,10525.256952835938,10525.256952835938,0.0,74.60319399999986,898933.7197408115,12049.533961519304
2013-07-01,13746.7197265625,13862.7099609375,13562.7001953125,13852.5,13852.5,172300000.0,13852.5,13852.5,0.793651,10994.050477499999,10994.050477499999,0.0,75.39684499999986,909927.7702183115,12068.51255139805
2013-08-01,13674.5,14005.76953125,13645.6103515625,14005.76953125,14005.76953125,195700000.0,14005.76953125,14005.76953125,0.793651,11115.692994246094,11115.692994246094,0.0,76.19049599999985,921043.4632125576,12088.69231160484
2013-09-02,13438.0703125,13613.48046875,13407.5302734375,13572.919921875,13572.919921875,112600000.0,13572.919921875,13572.919921875,0.793651,10772.161468916016,10772.161468916016,0.0,76.98414699999985,931815.6246814736,12103.993627174636
2013-10-01,14517.98046875,14642.9697265625,14471.7001953125,14484.7197265625,14484.7197265625,153000000.0,14484.7197265625,14484.7197265625,0.793651,11495.812295706055,11495.812295706055,0.0,77.77779799999985,943311.4369771796,12128.286750637777
2013-11-01,14403.0703125,14411.0498046875,14126.41015625,14201.5703125,14201.5703125,170800000.0,14201.5703125,14201.5703125,0.793651,11271.090480085937,11271.090480085937,0.0,78.57144899999984,954582.5274572655,12149.229008838407
2013-12-02,15659.740234375,15703.01953125,15579.5400390625,15655.0703125,15655.0703125,143200000.0,15655.0703125,15655.0703125,0.793651,12424.662208585938,12424.662208585938,0.0,79.36509999999984,967007.1896658514,12184.287421875022
2014-01-06,16147.5400390625,16164.009765625,15864.4404296875,15908.8798828125,15908.8798828125,192700000.0,15908.8798828125,15908.8798828125,0.793651,12626.098427874023,12626.098427874023,0.0,80.15875099999984,979633.2880937255,12221.164574953613
2014-02-03,14788.5595703125,14846.9296875,14615.0498046875,14619.1298828125,14619.1298828125,202800000.0,14619.1298828125,14619.1298828125,0.793651,11602.487050624024,11602.487050624024,0.0,80.95240199999984,991235.7751443494,12244.67403875615
2014-03-03,14666.9296875,14684.7001953125,14443.099609375,14652.23046875,14652.23046875,146900000.0,14652.23046875,14652.23046875,0.793651,11628.757363753906,11628.757363753906,0.0,81.74605299999983,1002864.5325081033,12268.048373027936
2014-04-01,14870.509765625,14870.509765625,14751.2900390625,14791.990234375,14791.990234375,139200000.0,14791.990234375,14791.990234375,0.793651,11739.677841501953,11739.677841501953,0.0,82.53970399999983,1014604.2103496053,12292.317044771658
2014-05-01,14341.08984375,14493.0302734375,14341.08984375,14485.1298828125,14485.1298828125,129200000.0,14485.1298828125,14485.1298828125,0.793651,11496.137816624023,11496.137816624023,0.0,83.33335499999983,1026100.3481662293,12313.200976562524
2014-06-02,14777.509765625,14963.91015625,14777.509765625,14935.919921875,14935.919921875,130600000.0,14935.919921875,14935.919921875,0.793651,11853.907781916016,11853.907781916016,0.0,84.12700599999982,1037954.2559481453,12337.943608122076
2014-07-01,15179.6396484375,15389.080078125,15145.8701171875,15326.2001953125,15326.2001953125,137500000.0,15326.2001953125,15326.2001953125,0.793651,12163.65411120996,12163.65411120996,0.0,84.92065699999982,1050117.9100593552,12365.87123977806
2014-08-01,15511.5400390625,15602.1298828125,15501.150390625,15523.1103515625,15523.1103515625,143300000.0,15523.1103515625,15523.1103515625,0.793651,12319.93205362793,12319.93205362793,0.0,85.71430799999982,1062437.842112983,12395.104935257546
2014-09-01,15454.58984375,15478.76953125,15440.990234375,15476.599609375,15476.599609375,74800000.0,15476.599609375,15476.599609375,0.793651,12283.018756580079,12283.018756580079,0.0,86.50795899999981,1074720.8608695632,12423.375528598073
2014-10-01,16173.3896484375,16225.9599609375,16081.009765625,16082.25,16082.25,137100000.0,16082.25,16082.25,0.793651,12763.69379475,12763.69379475,0.0,87.30160999999981,1087484.554664313,12456.638023792637
2014-11-04,16732.849609375,17127.66015625,16720.990234375,16862.470703125,16862.470703125,335600000.0,16862.470703125,16862.470703125,0.793651,13382.91673600586,13382.91673600586,0.0,88.09526099999981,1100867.471400319,12496.330210092927
2014-12-01,17475.099609375,17649.01953125,17474.26953125,17590.099609375,17590.099609375,125900000.0,17590.099609375,17590.099609375,0.793651,13960.400145080079,13960.400145080079,0.0,88.8889119999998,1114827.871545399,12541.810294015091
2015-01-05,17325.6796875,17540.919921875,17219.220703125,17408.7109375,17408.7109375,116500000.0,17408.7109375,17408.7109375,0.793651,13816.440844257813,13816.440844257813,0.0,89.6825629999998,1128644.312389657,12584.880211214073
2015-02-02,17536.609375,17628.400390625,17459.44921875,17558.0390625,17558.0390625,136000000.0,17558.0390625,17558.0390625,0.793651,13934.955259992188,13934.955259992188,0.0,90.4762139999998,1142579.2676496492,12628.504411663951
2015-03-02,18869.400390625,18939.169921875,18775.23046875,18826.880859375,18826.880859375,134800000.0,18826.880859375,18826.880859375,0.793651,14941.972820923827,14941.972820923827,0.0,91.2698649999998,1157521.240470573,12682.403337296222
2015-04-01,19129.75,19195.23046875,18927.94921875,19034.83984375,19034.83984375,160400000.0,19034.83984375,19034.83984375,0.793651,15107.019676832031,15107.019676832031,0.0,92.0635159999998,1172628.260147405,12737.165720972547
2015-05-01,19510.849609375,19549.390625,19399.16015625,19531.630859375,19531.630859375,154100000.0,19531.630859375,19531.630859375,0.793651,15501.298363173828,15501.298363173828,0.0,92.85716699999979,1188129.558510579,12795.238072582826
2015-06-01,20444.5390625,20595.41015625,20410.26953125,20569.869140625,20569.869140625,173400000.0,20569.869140625,20569.869140625,0.793651,16325.297213326172,16325.297213326172,0.0,93.65081799999979,1204454.8557239051,12861.124776549286
2015-07-01,20291.05078125,20346.740234375,20225.26953125,20329.3203125,20329.3203125,123600000.0,20329.3203125,20329.3203125,0.793651,16134.385395335938,16134.385395335938,0.0,94.44446899999978,1220589.241119241,12923.882722229546
2015-08-03,20540.2109375,20562.19921875,20396.5,20548.109375,20548.109375,173600000.0,20548.109375,20548.109375,0.793651,16308.027553578126,16308.027553578126,0.0,95.23811999999978,1236897.2686728192,12987.417944335966
2015-09-01,18763.720703125,18777.470703125,18165.689453125,18165.689453125,18165.689453125,176800000.0,18165.689453125,18165.689453125,0.793651,14417.21760016211,14417.21760016211,0.0,96.03177099999978,1251314.4862729814,13030.213576640008
2015-10-01,17479.970703125,17831.580078125,17389.5703125,17722.419921875,17722.419921875,161200000.0,17722.419921875,17722.419921875,0.793651,14065.416293416016,14065.416293416016,0.0,96.82542199999978,1265379.9025663973,13068.674284387836
2015-11-02,18827.109375,18861.109375,18641.220703125,18683.240234375,18683.240234375,148300000.0,18683.240234375,18683.240234375,0.793651,14827.972295251953,14827.972295251953,0.0,97.61907299999977,1280207.8748616492,13114.321162030008
2015-12-01,19799.080078125,20012.400390625,19797.55078125,20012.400390625,20012.400390625,133100000.0,20012.400390625,20012.400390625,0.793651,15882.861582419922,15882.861582419922,0.0,98.41272399999977,1296090.736444069,13169.950833228355
2016-01-04,18818.580078125,18951.119140625,18394.4296875,18450.98046875,18450.98046875,140200000.0,18450.98046875,18450.98046875,0.793651,14643.639100003906,14643.639100003906,0.0,99.20637499999977,1310734.375544073,13212.199070312528
2016-02-01,17699.599609375,17905.369140625,17666.48046875,17865.23046875,17865.23046875,245000000.0,17865.23046875,17865.23046875,0.793651,14178.758026753907,14178.758026753907,0.0,100.00002599999976,1324913.133570827,13249.127890935051
2016-03-01,16013.0,16099.419921875,15857.3701171875,16085.509765625,16085.509765625,152300000.0,16085.509765625,16085.509765625,0.793651,12766.280910998046,12766.280910998046,0.0,100.79367699999976,1337679.4144818252,13271.461606483792
2016-04-01,16719.560546875,16719.560546875,16113.009765625,16164.16015625,16164.16015625,178400000.0,16164.16015625,16164.16015625,0.793651,12828.701872167969,12828.701872167969,0.0,101.58732799999976,1350508.116353993,13294.06081390384
2016-05-02,16357.099609375,16357.099609375,15975.4697265625,16147.3798828125,16147.3798828125,179900000.0,16147.3798828125,16147.3798828125,0.793651,12815.384191374023,12815.384191374023,0.0,102.38097899999975,1363323.5005453671,13316.179566376
2016-06-01,17097.220703125,17145.94921875,16908.919921875,16955.73046875,16955.73046875,133700000.0,16955.73046875,16955.73046875,0.793651,13456.932442253907,13456.932442253907,0.0,103.17462999999975,1376780.432987621,13344.176111778877
2016-07-01,15698.01953125,15765.0,15635.5703125,15682.48046875,15682.48046875,119900000.0,15682.48046875,15682.48046875,0.793651,12446.416306503907,12446.416306503907,0.0,103.96828099999975,1389226.8492941249,13362.02576335881
2016-08-01,16415.310546875,16677.490234375,16319.150390625,16635.76953125,16635.76953125,174100000.0,16635.76953125,16635.76953125,0.793651,13202.995124246094,13202.995124246094,0.0,104.76193199999975,1402429.8444183709,13386.826852509499
2016-09-01,16885.16015625,16941.1796875,16864.560546875,16926.83984375,16926.83984375,131500000.0,16926.83984375,16926.83984375,0.793651,13434.00336883203,13434.00336883203,0.0,105.55558299999974,1415863.8477872028,13413.443491541382
2016-10-03,16566.029296875,16652.16015625,16554.830078125,16598.669921875,16598.669921875,99200000.0,16598.669921875,16598.669921875,0.793651,13173.550982166016,13173.550982166016,0.0,106.34923399999974,1429037.3987693689,13437.21383803641
2016-11-01,17380.5390625,17473.119140625,17339.640625,17442.400390625,17442.400390625,123000000.0,17442.400390625,17442.400390625,0.793651,13843.178512419921,13843.178512419921,0.0,107.14288499999974,1442880.5772817887,13466.881886574103
2016-12-01,18535.240234375,18746.279296875,18469.26953125,18513.119140625,18513.119140625,188000000.0,18513.119140625,18513.119140625,0.793651,14692.955519076171,14692.955519076171,0.0,107.93653599999973,1457573.532800865,13503.986572265656
2017-01-04,19298.6796875,19594.16015625,19277.9296875,19594.16015625,19594.16015625,163500000.0,19594.16015625,19594.16015625,0.793651,15550.924802167969,15550.924802167969,0.0,108.73018699999973,1473124.457603033,13548.440394046564
2017-02-01,18926.970703125,19155.7890625,18916.1796875,19148.080078125,19148.080078125,131500000.0,19148.080078125,19148.080078125,0.793651,15196.892902083984,15196.892902083984,0.0,109.52383799999973,1488321.3505051169,13589.017493206553
2017-03-01,19226.939453125,19414.55078125,19164.619140625,19393.5390625,19393.5390625,132300000.0,19393.5390625,19393.5390625,0.793651,15391.701670492188,15391.701670492188,0.0,110.31748899999972,1503713.0521756092,13630.776641187082
2017-04-03,18988.0,19068.619140625,18920.51953125,18983.23046875,18983.23046875,134200000.0,18983.23046875,18983.23046875,0.793651,15066.059844753907,15066.059844753907,0.0,111.11113999999972,1518779.112020363,13669.008454241104
2017-05-01,19154.029296875,19311.2109375,19144.619140625,19310.51953125,19310.51953125,106500000.0,19310.51953125,19310.51953125,0.793651,15325.813136496094,15325.813136496094,0.0,111.90479099999972,1534104.9251568592,13709.019171099324
2017-06-01,19692.16015625,19887.66015625,19686.3203125,19860.029296875,19860.029296875,103500000.0,19860.029296875,19860.029296875,0.793651,15761.932111494141,15761.932111494141,0.0,112.69844199999972,1549866.8572683535,13752.336143816055
2017-07-03,20056.3203125,20096.140625,20030.609375,20055.80078125,20055.80078125,83400000.0,20055.80078125,20055.80078125,0.793651,15917.306345839843,15917.306345839843,0.0,113.49209299999971,1565784.1636141932,13796.416316105802
2017-08-01,19907.080078125,20000.4609375,19904.720703125,19985.7890625,19985.7890625,110100000.0,19985.7890625,19985.7890625,0.793651,15861.741475242188,15861.741475242188,0.0,114.28574399999971,1581645.9050894354,13839.398071289097
2017-09-01,19733.5703125,19735.9609375,19620.0703125,19691.470703125,19691.470703125,79400000.0,19691.470703125,19691.470703125,0.793651,15628.15541500586,15628.15541500586,0.0,115.0793949999997,1597274.0605044411,13879.757192887964
2017-10-02,20400.509765625,20411.330078125,20363.279296875,20400.779296875,20400.779296875,67600000.0,20400.779296875,20400.779296875,0.793651,16191.09888974414,16191.09888974414,0.0,115.8730459999997,1613465.1593941853,13924.42172784678
2017-11-01,22144.919921875,22455.919921875,22130.029296875,22420.080078125,22420.080078125,112600000.0,22420.080078125,22420.080078125,0.793651,17793.718974083986,17793.718974083986,0.0,116.6666969999997,1631258.8783682692,13982.215322066359
2017-12-01,22916.9296875,22994.310546875,22675.0703125,22819.029296875,22819.029296875,89700000.0,22819.029296875,22819.029296875,0.793651,18110.34542049414,18110.34542049414,0.0,117.4603479999997,1649369.2237887634,14041.923524598851
2018-01-04,23073.73046875,23506.330078125,23065.19921875,23506.330078125,23506.330078125,102200000.0,23506.330078125,23506.330078125,0.793651,18655.822372833984,18655.822372833984,0.0,118.2539989999997,1668025.0461615974,14105.443031669496
2018-02-01,23276.099609375,23492.76953125,23211.119140625,23486.109375,23486.109375,101800000.0,23486.109375,23486.109375,0.793651,18639.774191578126,18639.774191578126,0.0,119.04764999999969,1686664.8203531755,14167.9808072917
2018-03-01,21901.130859375,21901.130859375,21645.220703125,21724.470703125,21724.470703125,90300000.0,21724.470703125,21724.470703125,0.793651,17241.64789800586,17241.64789800586,0.0,119.84130099999969,1703906.4682511813,14218.023786734306
2018-04-02,21441.5703125,21597.470703125,21388.580078125,21388.580078125,21388.580078125,47500000.0,21388.580078125,21388.580078125,0.793651,16975.067967583986,16975.067967583986,0.0,120.63495199999969,1720881.5362187652,14265.198499177664
2018-05-01,22453.419921875,22519.44921875,22411.4296875,22508.029296875,22508.029296875,89900000.0,22508.029296875,22508.029296875,0.793651,17863.51995949414,17863.51995949414,0.0,121.42860299999968,1738745.0561782594,14319.073210273727
2018-06-01,22126.25,22316.91015625,22098.0390625,22171.349609375,22171.349609375,82500000.0,22171.349609375,22171.349609375,0.793651,17596.313788830077,17596.313788830077,0.0,122.22225399999968,1756341.3699670895,14370.0620180601
2018-07-02,22233.80078125,22312.25,21784.48046875,21811.9296875,21811.9296875,67100000.0,21811.9296875,21811.9296875,0.793651,17311.059808414062,17311.059808414062,0.0,123.01590499999968,1773652.4297755035,14418.074067540358
2018-08-01,22642.1796875,22775.470703125,22615.98046875,22746.69921875,22746.69921875,100800000.0,22746.69921875,22746.69921875,0.793651,18052.940581660157,18052.940581660157,0.0,123.80955599999967,1791705.3703571637,14471.462690304523
2018-09-03,22819.169921875,22820.48046875,22684.4296875,22707.380859375,22707.380859375,49900000.0,22707.380859375,22707.380859375,0.793651,18021.73552642383,18021.73552642383,0.0,124.60320699999967,1809727.1058835876,14523.920767814527
2018-10-01,24173.369140625,24306.5390625,24123.5,24245.759765625,24245.759765625,65000000.0,24245.759765625,24245.759765625,0.793651,19242.671483748047,19242.671483748047,0.0,125.39685799999967,1828969.7773673357,14585.451394382948
2018-11-01,21906.41015625,21906.41015625,21628.44921875,21687.650390625,21687.650390625,101900000.0,21687.650390625,21687.650390625,0.793651,17212.425420169922,17212.425420169922,0.0,126.19050899999966,1846182.2027875057,14630.119312598308
2018-12-03,22629.390625,22698.7890625,22550.2890625,22574.759765625,22574.759765625,70500000.0,22574.759765625,22574.759765625,0.793651,17916.480662748047,17916.480662748047,0.0,126.98415999999966,1864098.6834502537,14679.773315429726
2019-01-04,19655.130859375,19692.580078125,19241.369140625,19561.9609375,19561.9609375,91600000.0,19561.9609375,19561.9609375,0.793651,15525.369860007813,15525.369860007813,0.0,127.77781099999966,1879624.0533102616,14710.09746215066
2019-02-01,20797.029296875,20929.630859375,20741.98046875,20788.390625,20788.390625,82200000.0,20788.390625,20788.390625,0.793651,16498.727007921876,16498.727007921876,0.0,128.57146199999966,1896122.7803181834,14747.617790316395
2019-03-01,21490.01953125,21641.580078125,21490.01953125,21602.689453125,21602.689453125,62600000.0,21602.689453125,21602.689453125,0.793651,17144.996087162108,17144.996087162108,0.0,129.36511299999967,1913267.7764053454,14789.673444689453
2019-04-01,21500.890625,21682.939453125,21471.119140625,21509.029296875,21509.029296875,77400000.0,21509.029296875,21509.029296875,0.793651,17070.66261049414,17070.66261049414,0.0,130.15876399999968,1930338.4390158395,14830.645126714973
2019-05-07,22184.400390625,22190.490234375,21875.109375,21923.720703125,21923.720703125,90700000.0,21923.720703125,21923.720703125,0.793651,17399.78285975586,17399.78285975586,0.0,130.9524149999997,1947738.2218755954,14873.633463541699
2019-06-03,20327.869140625,20438.029296875,20305.740234375,20410.880859375,20410.880859375,67400000.0,20410.880859375,20410.880859375,0.793651,16199.116004923828,16199.116004923828,0.0,131.7460659999997,1963937.3378805192,14906.99037556479
2019-07-01,21566.26953125,21758.33984375,21559.169921875,21729.970703125,21729.970703125,66900000.0,21729.970703125,21729.970703125,0.793651,17246.01297850586,17246.01297850586,0.0,132.5397169999997,1981183.350859025,14947.846545190898
2019-08-01,21361.580078125,21556.689453125,21288.900390625,21540.990234375,21540.990234375,75700000.0,21540.990234375,21540.990234375,0.793651,17096.028440501952,17096.028440501952,0.0,133.33336799999972,1998279.379299527,14987.091448102707
2019-09-02,20625.75,20667.560546875,20614.2890625,20620.189453125,20620.189453125,42400000.0,20620.189453125,20620.189453125,0.793651,16365.233979662109,16365.233979662109,0.0,134.12701899999973,2014644.6132791892,15020.423388960828
2019-10-01,21831.439453125,21938.76953125,21811.98046875,21885.240234375,21885.240234375,62300000.0,21885.240234375,21885.240234375,0.793651,17369.242797251954,17369.242797251954,0.0,134.92066999999975,2032013.8560764412,15060.804664522086
2019-11-01,22730.490234375,22852.720703125,22705.599609375,22850.76953125,22850.76953125,65400000.0,22850.76953125,22850.76953125,0.793651,18135.536089246092,18135.536089246092,0.0,135.71432099999976,2050149.3921656874,15106.36001461991
2019-12-02,23388.630859375,23562.05078125,23378.400390625,23529.5,23529.5,47700000.0,23529.5,23529.5,0.793651,18674.2112045,18674.2112045,0.0,136.50797199999977,2068823.6033701873,15155.331758720955
2020-01-06,23319.759765625,23365.359375,23148.529296875,23204.859375,23204.859375,72800000.0,23204.859375,23204.859375,0.793651,18416.559847828124,18416.559847828124,0.0,137.30162299999978,2087240.1632180156,15201.86082008673
2020-02-03,22874.26953125,23023.73046875,22775.919921875,22971.939453125,22971.939453125,72500000.0,22971.939453125,22971.939453125,0.793651,18231.70271891211,18231.70271891211,0.0,138.0952739999998,2105471.8659369275,15246.516444414532
2020-03-02,20849.7890625,21593.109375,20834.2890625,21344.080078125,21344.080078125,123700000.0,21344.080078125,21344.080078125,0.793651,16939.750498083984,16939.750498083984,0.0,138.8889249999998,2122411.6164350114,15281.35966517859
2020-04-01,18686.119140625,18784.25,17871.619140625,18065.41015625,18065.41015625,105800000.0,18065.41015625,18065.41015625,0.793651,14337.63083591797,14337.63083591797,0.0,139.6825759999998,2136749.247270929,15297.178133877858
2020-05-01,19991.970703125,20000.25,19551.73046875,19619.349609375,19619.349609375,86600000.0,19619.349609375,19619.349609375,0.793651,15570.916436830077,15570.916436830077,0.0,140.47622699999982,2152320.163707759,15321.597181762021
2020-06-01,21910.890625,22161.390625,21898.990234375,22062.390625,22062.390625,72200000.0,22062.390625,22062.390625,0.793651,17509.838381921876,17509.838381921876,0.0,141.26987799999984,2169830.002089681,15359.466807847626
2020-07-01,22338.30078125,22360.310546875,22039.560546875,22121.73046875,22121.73046875,67400000.0,22121.73046875,22121.73046875,0.793651,17556.933508253907,17556.933508253907,0.0,142.06352899999985,2187386.935597935,15397.244817126411
2020-08-03,21947.580078125,22214.58984375,21919.830078125,22195.380859375,22195.380859375,84000000.0,22195.380859375,22195.380859375,0.793651,17615.386214423826,17615.386214423826,0.0,142.85717999999986,2205002.321812359,15435.012239583348
2020-09-01,23089.630859375,23206.66015625,23047.76953125,23138.0703125,23138.0703125,59600000.0,23138.0703125,23138.0703125,0.793651,18363.55264158594,18363.55264158594,0.0,143.65083099999987,2223365.874453945,15477.570571477912
2020-10-02,23294.80078125,23365.580078125,22951.41015625,23029.900390625,23029.900390625,86300000.0,23029.900390625,23029.900390625,0.793651,18277.703474919923,18277.703474919923,0.0,144.44448199999988,2241643.577928865,15519.066889165533
2020-11-02,23110.740234375,23370.91015625,23096.7890625,23295.48046875,23295.48046875,69700000.0,23295.48046875,23295.48046875,0.793651,18488.481369503905,18488.481369503905,0.0,145.2381329999999,2260132.0592983686,15561.560952441949
2020-12-01,26624.19921875,26852.16015625,26618.390625,26787.5390625,26787.5390625,73200000.0,26787.5390625,26787.5390625,0.793651,21259.95716449219,21259.95716449219,0.0,146.0317839999999,2281392.0164628606,15622.571703040087
2021-01-04,27575.5703125,27602.109375,27042.3203125,27258.380859375,27258.380859375,51500000.0,27258.380859375,27258.380859375,0.793651,21633.64122742383,21633.64122742383,0.0,146.8254349999999,2303025.6576902843,15685.467968750003
2021-02-01,27649.0703125,28107.099609375,27649.0703125,28091.05078125,28091.05078125,65700000.0,28091.05078125,28091.05078125,0.793651,22294.490543589844,22294.490543589844,0.0,147.61908599999992,2325320.1482338742,15752.164650537637
2021-03-01,29419.44921875,29686.390625,29396.0390625,29663.5,29663.5,62700000.0,29663.5,29663.5,0.793651,23542.4664385,23542.4664385,0.0,148.41273699999994,2348862.6146723744,15826.556818181822
2021-04-01,29441.91015625,29585.4609375,29318.8203125,29388.869140625,29388.869140625,75600000.0,29388.869140625,29388.869140625,0.793651,23324.505382326173,23324.505382326173,0.0,149.20638799999995,2372187.1200547004,15898.69677734375
2021-05-06,29024.009765625,29430.220703125,28966.470703125,29331.369140625,29331.369140625,94300000.0,29331.369140625,29331.369140625,0.793651,23278.870449826172,23278.870449826172,0.0,150.00003899999996,2395465.9905045265,15969.769117890211
2021-06-01,28998.650390625,29075.470703125,28611.25,28814.33984375,28814.33984375,47400000.0,28814.33984375,28814.33984375,0.793651,22868.529631332032,22868.529631332032,0.0,150.79368999999997,2418334.5201358586,16037.372121710525
2021-07-01,28832.41015625,28833.169921875,28624.80078125,28707.0390625,28707.0390625,45900000.0,28707.0390625,28707.0390625,0.793651,22783.37025899219,22783.37025899219,0.0,151.58734099999998,2441117.8903948506,16103.705456479054
2021-08-02,27493.3203125,27834.599609375,27493.3203125,27781.01953125,27781.01953125,60100000.0,27781.01953125,27781.01953125,0.793651,22048.433931996093,22048.433931996093,0.0,152.380992,2463166.3243268467,16164.524800618485
2021-09-01,28179.0390625,28457.669921875,28179.0390625,28451.01953125,28451.01953125,64800000.0,28451.01953125,28451.01953125,0.793651,22580.180101996095,22580.180101996095,0.0,153.174643,2485746.504428843,16228.185395077715
2021-10-01,29235.109375,29393.669921875,28680.73046875,28771.0703125,28771.0703125,82200000.0,28771.0703125,28771.0703125,0.793651,22834.188724585936,22834.188724585936,0.0,153.96829400000001,2508580.693153429,16292.839441043807
2021-11-01,29330.6796875,29666.830078125,29267.630859375,29647.080078125,29647.080078125,76700000.0,29647.080078125,29647.080078125,0.793651,23529.434751083983,23529.434751083983,0.0,154.76194500000003,2532110.127904513,16361.322726362172
2021-12-01,27866.73046875,28106.30078125,27594.009765625,27935.619140625,27935.619140625,80900000.0,27935.619140625,27935.619140625,0.793651,22171.13206657617,22171.13206657617,0.0,155.55559600000004,2554281.259971089,16420.375259088003
2022-01-04,29098.41015625,29323.7890625,28954.560546875,29301.7890625,29301.7890625,66000000.0,29301.7890625,29301.7890625,0.793651,23255.394191242187,23255.394191242187,0.0,156.34924700000005,2577536.6541623315,16485.763146414967
2022-02-01,27167.140625,27410.7890625,27016.7109375,27078.48046875,27078.48046875,81100000.0,27078.48046875,27078.48046875,0.793651,21490.863102503907,21490.863102503907,0.0,157.14289800000006,2599027.5172648355,16539.261718749993
2022-03-01,26836.740234375,27013.259765625,26821.75,26844.720703125,26844.720703125,74000000.0,26844.720703125,26844.720703125,0.793651,21305.33943075586,21305.33943075586,0.0,157.93654900000007,2620332.8566955915,16591.047944802125
2022-04-01,27624.109375,27738.310546875,27399.48046875,27665.98046875,27665.98046875,66800000.0,27665.98046875,27665.98046875,0.793651,21957.133065003905,21957.133065003905,0.0,158.73020000000008,2642289.9897605954,16646.422607421864
2022-05-02,26851.099609375,26964.58984375,26610.859375,26818.529296875,26818.529296875,74500000.0,26818.529296875,26818.529296875,0.793651,21284.55259499414,21284.55259499414,0.0,159.5238510000001,2663574.5423555896,16697.030103389294
2022-06-01,27295.630859375,27482.310546875,27295.419921875,27457.890625,27457.890625,75800000.0,27457.890625,27457.890625,0.793651,21791.982352421874,21791.982352421874,0.0,160.3175020000001,2685366.5247080117,16750.301690129938
2022-07-01,26460.7109375,26531.240234375,25841.75,25935.619140625,25935.619140625,81700000.0,25935.619140625,25935.619140625,0.793651,20583.83006657617,20583.83006657617,0.0,161.11115300000012,2705950.354774588,16795.5495593442
2022-08-01,27813.8203125,27993.349609375,27751.58984375,27993.349609375,27993.349609375,71900000.0,27993.349609375,27993.349609375,0.793651,22216.949910830077,22216.949910830077,0.0,161.90480400000013,2728167.304685418,16850.440736060038
2022-09-01,27797.0,27832.779296875,27589.69921875,27661.470703125,27661.470703125,68900000.0,27661.470703125,27661.470703125,0.793651,21953.55388500586,21953.55388500586,0.0,162.69845500000014,2750120.858570424,16903.177467606693
2022-10-03,25778.94921875,26223.83984375,25621.9609375,26215.7890625,26215.7890625,80700000.0,26215.7890625,26215.7890625,0.793651,20806.187205242186,20806.187205242186,0.0,163.49210600000015,2770927.045775666,16948.384320009085
2022-11-01,27614.640625,27682.970703125,27526.1796875,27678.919921875,27678.919921875,72600000.0,27678.919921875,27678.919921875,0.793651,21967.402474916016,21967.402474916016,0.0,164.28575700000016,2792894.448250582,17000.22265624998
2022-12-01,28273.130859375,28423.4609375,28226.080078125,28226.080078125,28226.080078125,71400000.0,28226.080078125,28226.080078125,0.793651,22401.656680083983,22401.656680083983,0.0,165.07940800000017,2815296.104930666,17054.19312462438
2023-01-04,25834.9296875,25840.6796875,25661.890625,25716.859375,25716.859375,83300000.0,25716.859375,25716.859375,0.793651,20410.211159828126,20410.211159828126,0.0,165.87305900000018,2835706.316090494,17095.641288501774
2023-02-01,27483.41015625,27547.669921875,27322.7890625,27346.880859375,27346.880859375,65800000.0,27346.880859375,27346.880859375,0.793651,21703.879340923828,21703.879340923828,0.0,166.6667100000002,2857410.195431418,17144.45671502974
2023-03-01,27363.5703125,27530.759765625,27305.369140625,27516.529296875,27516.529296875,69800000.0,27516.529296875,27516.529296875,0.793651,21838.52099299414,21838.52099299414,0.0,167.4603610000002,2879248.716424412,17193.613457123793
2023-04-03,28203.349609375,28258.91015625,28120.7109375,28188.150390625,28188.150390625,75000000.0,28188.150390625,28188.150390625,0.793651,22371.55374566992,22371.55374566992,0.0,168.25401200000022,2901620.270170082,17245.474480395023
2023-05-01,29058.05078125,29145.890625,29016.830078125,29123.1796875,29123.1796875,73400000.0,29123.1796875,29123.1796875,0.793651,23113.640682164063,23113.640682164063,0.0,169.04766300000023,2924733.910852246,17301.238354606783
2023-06-01,30886.009765625,31185.05078125,30853.439453125,31148.009765625,31148.009765625,95100000.0,31148.009765625,31148.009765625,0.793651,24720.64909849805,24720.64909849805,0.0,169.84131400000024,2949454.559950744,17365.942893910604
2023-07-03,33517.6015625,33762.80859375,33510.55078125,33753.328125,33753.328125,95400000.0,33753.328125,33753.328125,0.793651,26788.362619734376,26788.362619734376,0.0,170.63496500000025,2976242.922570478,17442.163290334276
2023-08-01,33292.30859375,33488.76953125,33203.87890625,33476.578125,33476.578125,110800000.0,33476.578125,33476.578125,0.793651,26568.719705484375,26568.719705484375,0.0,171.42861600000026,3002811.6422759625,17516.396692346614
2023-09-01,32521.150390625,32845.4609375,32499.439453125,32710.619140625,32710.619140625,88400000.0,32710.619140625,32710.619140625,0.793651,25960.81559157617,25960.81559157617,0.0,172.22226700000027,3028772.4578675386,17586.41615063361
2023-10-02,32101.970703125,32401.580078125,31759.880859375,31759.880859375,31759.880859375,103100000.0,31759.880859375,31759.880859375,0.793651,25206.261203923827,25206.261203923827,0.0,173.01591800000028,3053978.7190714623,17651.43204379297
2023-11-01,31311.220703125,31601.650390625,31301.509765625,31601.650390625,31601.650390625,130100000.0,31601.650390625,31601.650390625,0.793651,25080.68143416992,25080.68143416992,0.0,173.8095690000003,3079059.400505632,17715.131670947456
2023-12-01,33537.44140625,33551.5703125,33397.421875,33431.51171875,33431.51171875,87600000.0,33431.51171875,33431.51171875,0.793651,26532.952707097655,26532.952707097655,0.0,174.6032200000003,3105592.35321273,17786.56976207383
2024-01-04,33193.05078125,33299.390625,32693.1796875,33288.2890625,33288.2890625,117300000.0,33288.2890625,33288.2890625,0.793651,26419.283902742187,26419.283902742187,0.0,175.39687100000032,3132011.637115472,17856.7132883201
2024-02-01,36008.55859375,36146.359375,35924.6015625,36011.4609375,36011.4609375,118100000.0,36011.4609375,36011.4609375,0.793651,28580.531984507812,28580.531984507812,0.0,176.19052200000033,3160592.16909998,17938.491430883972
2024-03-01,39254.69140625,39990.23046875,39224.640625,39910.8203125,39910.8203125,122800000.0,39910.8203125,39910.8203125,0.793651,31675.262451835937,31675.262451835937,0.0,176.98417300000034,3192267.431551816,18037.022053671488
2024-04-01,40646.69921875,40697.21875,39706.44921875,39803.08984375,39803.08984375,134500000.0,39803.08984375,39803.08984375,0.793651,31589.762057582033,31589.762057582033,0.0,177.77782400000035,3223857.193609398,18134.191999162907
2024-05-01,38107.37890625,38433.33984375,38036.23828125,38274.05078125,38274.05078125,108500000.0,38274.05078125,38274.05078125,0.793651,30376.238676589845,30376.238676589845,0.0,178.57147500000036,3254233.432285988,18223.702482638848
2024-06-03,38734.94921875,39032.5,38734.94921875,38923.03125,38923.03125,115900000.0,38923.03125,38923.03125,0.793651,30891.30267459375,30891.30267459375,0.0,179.36512600000037,3285124.7349605816,18315.292432936905
2024-07-01,39839.8203125,39942.69140625,39537.1015625,39631.05859375,39631.05859375,118800000.0,39631.05859375,39631.05859375,0.793651,31453.22928398828,31453.22928398828,0.0,180.15877700000038,3316577.96424457,18409.19448650877
2024-08-01,38781.55859375,38781.55859375,37737.87890625,38126.328125,38126.328125,178800000.0,38126.328125,38126.328125,0.793651,30258.998442734373,30258.998442734373,0.0,180.9524280000004,3346836.9626873047,18495.67314281794
2024-09-02,39025.30859375,39080.640625,38476.51171875,38700.87109375,38700.87109375,87100000.0,38700.87109375,38700.87109375,0.793651,30714.985044425783,30714.985044425783,0.0,181.7460790000004,3377551.9477317305,18583.905448280526
2024-10-01,38232.46875,38718.12890625,38232.46875,38651.96875,38651.96875,132100000.0,38651.96875,38651.96875,0.793651,30676.17365040625,30676.17365040625,0.0,182.53973000000042,3408228.121382137,18671.157897418438
2024-11-01,38504.3515625,38512.828125,37946.66015625,38053.671875,38053.671875,130300000.0,38053.671875,38053.671875,0.793651,30201.334737265624,30201.334737265624,0.0,183.33338100000043,3438429.4561194023,18755.06488433437
2024-12-02,38216.94921875,38552.41015625,37958.55078125,38513.01953125,38513.01953125,110500000.0,38513.01953125,38513.01953125,0.793651,30565.896463996094,30565.896463996094,0.0,184.12703200000044,3468995.3525833986,18840.228481950388
2025-01-06,39945.421875,39993.5,39232.78125,39307.05078125,39307.05078125,137900000.0,39307.05078125,39307.05078125,0.793651,31196.080159589845,31196.080159589845,0.0,184.92068300000045,3500191.432742988,18928.06892100317
2025-02-03,38932.66015625,38948.609375,38401.8203125,38520.08984375,38520.08984375,169200000.0,38520.08984375,38520.08984375,0.793651,30571.50782458203,30571.50782458203,0.0,185.71433400000046,3530762.9405675703,19011.795506143113
2025-03-03,37617.5,37827.62109375,37372.26171875,37785.46875,37785.46875,115800000.0,37785.46875,37785.46875,0.793651,29988.47505890625,29988.47505890625,0.0,186.50798500000047,3560751.4156264765,19091.68347739357
2025-04-01,35961.19140625,36052.5390625,35537.859375,35624.48046875,35624.48046875,123600000.0,35624.48046875,35624.48046875,0.793651,28273.404548503906,28273.404548503906,0.0,187.30163600000049,3589024.8201749804,19161.737701933213
2025-05-01,36197.0390625,36544.1484375,36040.05078125,36452.30078125,36452.30078125,131600000.0,36452.30078125,36452.30078125,0.793651,28930.404967339844,28930.404967339844,0.0,188.0952870000005,3617955.22514232,19234.693664293198
2025-06-02,37651.1796875,37651.1796875,37320.71875,37470.671875,37470.671875,109600000.0,37470.671875,37470.671875,0.793651,29738.636204265626,29738.636204265626,0.0,188.8889380000005,3647693.8613465857,19311.31542148104
2025-07-01,40340.640625,40345.87109375,39885.37890625,39986.328125,39986.328125,124000000.0,39986.328125,39986.328125,0.793651,31735.189302734376,31735.189302734376,0.0,189.68258900000052,3679429.0506493202,19397.821750784464
2025-08-01,41029.83984375,41064.73046875,40588.171875,40799.6015625,40799.6015625,148400000.0,40799.6015625,40799.6015625,0.793651,32380.644579679687,32380.644579679687,0.0,190.47624000000053,3711809.695229,19486.99583333328
2025-09-01,42362.7109375,42454.98828125,41835.171875,42188.7890625,42188.7890625,96600000.0,42188.7890625,42188.7890625,0.793651,33483.17462824219,33483.17462824219,0.0,191.26989100000054,3745292.8698572423,19581.194145487498
2025-10-01,44831.94921875,44874.421875,44357.6484375,44550.8515625,44550.8515625,136700000.0,44550.8515625,44550.8515625,0.793651,35357.82789342969,35357.82789342969,0.0,192.06354200000055,3780650.697750672,19684.374548037136
2025-11-04,52294.30859375,52636.87109375,51497.19921875,51497.19921875,51497.19921875,190100000.0,51497.19921875,51497.19921875,0.793651,40870.803657160155,40870.803657160155,0.0,192.85719300000056,3821521.5014078324,19815.291521990686
2025-12-01,50318.58984375,50366.73828125,49215.9609375,49303.28125,49303.28125,118200000.0,49303.28125,49303.28125,0.793651,39129.59846734375,39129.59846734375,0.0,193.65084400000057,3860651.0998751763,19936.143938908754
2026-01-05,51010.28125,52033.23828125,50995.671875,51832.80078125,51832.80078125,139400000.0,51832.80078125,51832.80078125,0.793651,41137.154172839844,41137.154172839844,0.0,194.4444950000006,3901788.2540480164,20066.334374999944
2026-02-02,53575.37109375,54247.1484375,52655.1796875,52655.1796875,52655.1796875,153800000.0,52655.1796875,52655.1796875,0.793651,41789.83601416406,41789.83601416406,0.0,195.2381460000006,3943578.0900621805,20198.809355945064
2026-03-02,57976.19921875,58365.2109375,57285.76953125,58057.23828125,58057.23828125,162400000.0,58057.23828125,58057.23828125,0.793651,46077.18521915234,46077.18521915234,0.0,196.0317970000006,3989655.275281333,20352.08234754549
2026-04-01,51959.46875,53739.6796875,51902.83984375,53739.6796875,53739.6796875,165900000.0,53739.6796875,53739.6796875,0.793651,42650.55052366406,42650.55052366406,0.0,196.82544800000062,4032305.825804997,20486.709756174336
