Date,Open,High,Low,Close,Adj_Close,Volume,Price,BuyPrice,InvestAmount,UnitsBought,CashUsed,CashRemainder,CumUnits,CumInvested,AvgCost
2005-09-02,1221.589966,1224.449951,1217.75,1218.02002,1218.02002,1640160000,1218.02002,1218.02002,10000.0,8.210046,10000.0,0.0,8.210046,10000.0,1218.0199721170868
2005-10-03,1228.810059,1233.339966,1225.150024,1226.699951,1226.699951,2097490000,1226.699951,1226.699951,10000.0,8.151953,10000.0,0.0,16.361999,20000.0,1222.344531374192
2005-11-01,1207.01001,1207.339966,1201.660034,1202.76001,1202.76001,2457850000,1202.76001,1202.76001,10000.0,8.314211,10000.0,0.0,24.67621,30000.0,1215.7458540027014
2005-12-01,1249.47998,1266.170044,1249.47998,1264.670044,1264.670044,2614830000,1264.670044,1264.670044,10000.0,7.907201,10000.0,0.0,32.583411,40000.0,1227.6185571854342
2006-01-03,1248.290039,1270.219971,1245.73999,1268.800049,1268.800049,2554570000,1268.800049,1268.800049,10000.0,7.881462,10000.0,0.0,40.464873,50000.0,1235.639612658614
2006-02-01,1280.079956,1283.329956,1277.569946,1282.459961,1282.459961,2589410000,1282.459961,1282.459961,10000.0,7.797514,10000.0,0.0,48.262387,60000.0,1243.204153992632
2006-03-01,1280.660034,1291.800049,1280.660034,1291.23999,1291.23999,2308320000,1291.23999,1291.23999,10000.0,7.744494,10000.0,0.0,56.006881,70000.0,1249.8464251205132
2006-04-03,1302.880005,1309.189941,1296.650024,1297.810059,1297.810059,2494080000,1297.810059,1297.810059,10000.0,7.705288,10000.0,0.0,63.712169,80000.0,1255.6470962399662
2006-05-01,1310.609985,1317.209961,1303.459961,1305.189941,1305.189941,2437040000,1305.189941,1305.189941,10000.0,7.66172,10000.0,0.0,71.373889,90000.0,1260.9653370576457
2006-06-01,1270.050049,1285.709961,1269.189941,1285.709961,1285.709961,2360160000,1285.709961,1285.709961,10000.0,7.777804,10000.0,0.0,79.15169300000001,100000.0,1263.3968549478782
2006-07-03,1270.060059,1280.380005,1270.060059,1280.189941,1280.189941,1114470000,1280.189941,1280.189941,10000.0,7.811341,10000.0,0.0,86.96303400000001,110000.0,1264.9052699794258
2006-08-01,1278.530029,1278.660034,1265.709961,1270.920044,1270.920044,2527690000,1270.920044,1270.920044,10000.0,7.868316,10000.0,0.0,94.83135000000001,120000.0,1265.4043204067007
2006-09-01,1303.800049,1312.030029,1303.800049,1311.01001,1311.01001,1800520000,1311.01001,1311.01001,10000.0,7.627707,10000.0,0.0,102.45905700000002,130000.0,1268.7994971493831
2006-10-02,1335.819946,1338.540039,1330.280029,1331.319946,1331.319946,2154480000,1331.319946,1331.319946,10000.0,7.511342,10000.0,0.0,109.97039900000001,140000.0,1273.069855825475
2006-11-01,1377.76001,1381.949951,1366.26001,1367.810059,1367.810059,2821160000,1367.810059,1367.810059,10000.0,7.310957,10000.0,0.0,117.28135600000002,150000.0,1278.9756625938055
2006-12-01,1400.630005,1402.459961,1385.930054,1396.709961,1396.709961,2800980000,1396.709961,1396.709961,10000.0,7.159683,10000.0,0.0,124.44103900000002,160000.0,1285.7494704781434
2007-01-03,1418.030029,1429.420044,1407.859985,1416.599976,1416.599976,3429160000,1416.599976,1416.599976,10000.0,7.059156,10000.0,0.0,131.50019500000002,170000.0,1292.7737483583198
2007-02-01,1437.900024,1446.640015,1437.900024,1445.939941,1445.939941,2914890000,1445.939941,1445.939941,10000.0,6.915917,10000.0,0.0,138.41611200000003,180000.0,1300.4266439733544
2007-03-01,1406.800049,1409.459961,1380.869995,1403.170044,1403.170044,3874910000,1403.170044,1403.170044,10000.0,7.12672,10000.0,0.0,145.54283200000003,190000.0,1305.457626384513
2007-04-02,1420.829956,1425.48999,1416.369995,1424.550049,1424.550049,2875880000,1424.550049,1424.550049,10000.0,7.01976,10000.0,0.0,152.56259200000002,200000.0,1310.937349569939
2007-05-01,1482.369995,1487.27002,1476.699951,1486.300049,1486.300049,3400350000,1486.300049,1486.300049,10000.0,6.728117,10000.0,0.0,159.29070900000002,210000.0,1318.3443109666866
2007-06-01,1530.619995,1540.560059,1530.619995,1536.339966,1536.339966,2927020000,1536.339966,1536.339966,10000.0,6.508976,10000.0,0.0,165.799685,220000.0,1326.9024003272382
2007-07-02,1504.660034,1519.449951,1504.660034,1519.430054,1519.430054,2648990000,1519.430054,1519.430054,10000.0,6.581415,10000.0,0.0,172.3811,230000.0,1334.25300105406
2007-08-01,1455.180054,1468.380005,1439.589966,1465.810059,1465.810059,5256780000,1465.810059,1465.810059,10000.0,6.822166,10000.0,0.0,179.203266,240000.0,1339.2613056505343
2007-09-04,1473.959961,1496.400024,1472.150024,1489.420044,1489.420044,2766600000,1489.420044,1489.420044,10000.0,6.714023,10000.0,0.0,185.917289,250000.0,1344.6839793366391
2007-10-01,1527.290039,1549.02002,1527.25,1547.040039,1547.040039,3281990000,1547.040039,1547.040039,10000.0,6.463957,10000.0,0.0,192.381246,260000.0,1351.483085830518
2007-11-01,1545.790039,1545.790039,1506.660034,1508.439941,1508.439941,4241470000,1508.439941,1508.439941,10000.0,6.629366,10000.0,0.0,199.010612,270000.0,1356.7115707377454
2007-12-03,1479.630005,1481.160034,1470.079956,1472.420044,1472.420044,3323250000,1472.420044,1472.420044,10000.0,6.79154,10000.0,0.0,205.802152,280000.0,1360.5299909594726
2008-01-02,1467.969971,1471.77002,1442.069946,1447.160034,1447.160034,3452650000,1447.160034,1447.160034,10000.0,6.910086,10000.0,0.0,212.712238,290000.0,1363.3442190571093
2008-02-01,1378.599976,1396.02002,1375.930054,1395.420044,1395.420044,4650770000,1395.420044,1395.420044,10000.0,7.166301,10000.0,0.0,219.87853900000002,300000.0,1364.3896369531542
2008-03-03,1330.449951,1335.130005,1320.040039,1331.339966,1331.339966,4117570000,1331.339966,1331.339966,10000.0,7.511229,10000.0,0.0,227.389768,310000.0,1363.2979299226868
2008-04-01,1326.410034,1370.180054,1326.410034,1370.180054,1370.180054,4745120000,1370.180054,1370.180054,10000.0,7.298311,10000.0,0.0,234.68807900000002,320000.0,1363.5119489814392
2008-05-01,1385.969971,1410.069946,1383.069946,1409.339966,1409.339966,4448780000,1409.339966,1409.339966,10000.0,7.09552,10000.0,0.0,241.783599,330000.0,1364.8568445703381
2008-06-02,1399.619995,1399.619995,1377.790039,1385.670044,1385.670044,3714320000,1385.670044,1385.670044,10000.0,7.216725,10000.0,0.0,249.000324,340000.0,1365.4600706463336
2008-07-01,1276.689941,1285.310059,1260.680054,1284.910034,1284.910034,5846290000,1284.910034,1284.910034,10000.0,7.782646,10000.0,0.0,256.78297,350000.0,1363.0187391321163
2008-08-01,1269.420044,1270.52002,1254.540039,1260.310059,1260.310059,4684870000,1260.310059,1260.310059,10000.0,7.934555,10000.0,0.0,264.71752499999997,360000.0,1359.9401852975168
2008-09-02,1287.829956,1303.040039,1272.199951,1277.579956,1277.579956,4783560000,1277.579956,1277.579956,10000.0,7.827299,10000.0,0.0,272.54482399999995,370000.0,1357.5748552832545
2008-10-01,1164.170044,1167.030029,1140.77002,1161.060059,1161.060059,5782130000,1161.060059,1161.060059,10000.0,8.612819,10000.0,0.0,281.15764299999995,380000.0,1351.5549353214633
2008-11-03,968.6699829,975.5700073,958.8200073,966.2999878,966.2999878,4492280000,966.2999878,966.2999878,15000.0,15.52313,15000.0,0.0,296.68077299999993,395000.0,1331.3973669604807
2008-12-01,888.6099854,888.6099854,815.6900024,816.210022,816.210022,6052010000,816.210022,816.210022,15000.0,18.377623,15000.0,0.0,315.0583959999999,410000.0,1301.3460526854208
2009-01-02,902.9899902,934.7299805,899.3499756,931.7999878,931.7999878,4048270000,931.7999878,931.7999878,5000.0,5.365958,5000.0,0.0,320.4243539999999,415000.0,1295.1574835663089
2009-02-02,823.0900269,830.7800293,812.8699951,825.4400024,825.4400024,5673270000,825.4400024,825.4400024,15000.0,18.172126,15000.0,0.0,338.5964799999999,430000.0,1269.9482286407708
2009-03-02,729.5700073,729.5700073,699.7000122,700.8200073,700.8200073,7868290000,700.8200073,700.8200073,15000.0,21.403499,15000.0,0.0,359.9999789999999,445000.0,1236.1111832175973
2009-04-01,793.5900269,813.6199951,783.3200073,811.0800171,811.0800171,6034140000,811.0800171,811.0800171,5000.0,6.16462,5000.0,0.0,366.1645989999999,450000.0,1228.95550588166
2009-05-01,872.7399902,880.4799805,866.0999756,877.5200195,877.5200195,5312170000,877.5200195,877.5200195,10000.0,11.395751,10000.0,0.0,377.5603499999999,460000.0,1218.3482720047275
2009-06-01,923.2600098,947.7700195,923.2600098,942.8699951,942.8699951,6370440000,942.8699951,942.8699951,10000.0,10.605916,10000.0,0.0,388.1662659999999,470000.0,1210.8213442741574
2009-07-01,920.8200073,931.9199829,920.8200073,923.3300171,923.3300171,3919400000,923.3300171,923.3300171,10000.0,10.830364,10000.0,0.0,398.99662999999987,480000.0,1203.0176796230087
2009-08-03,990.2199707,1003.609985,990.2199707,1002.630005,1002.630005,5603440000,1002.630005,1002.630005,10000.0,9.973769,10000.0,0.0,408.9703989999999,490000.0,1198.1307233925263
2009-09-01,1019.52002,1028.449951,996.2800293,998.039978,998.039978,6862360000,998.039978,998.039978,10000.0,10.019639,10000.0,0.0,418.99003799999986,500000.0,1193.3457950138666
2009-10-01,1054.910034,1054.910034,1029.449951,1029.849976,1029.849976,5791450000,1029.849976,1029.849976,10000.0,9.710152,10000.0,0.0,428.70018999999985,510000.0,1189.6425798178448
2009-11-02,1036.180054,1052.180054,1029.380005,1042.880005,1042.880005,6202640000,1042.880005,1042.880005,10000.0,9.588831,10000.0,0.0,438.2890209999999,520000.0,1186.431726748638
2009-12-01,1098.890015,1112.280029,1098.890015,1108.859985,1108.859985,4249310000,1108.859985,1108.859985,10000.0,9.018271,10000.0,0.0,447.3072919999999,530000.0,1184.8677843597509
2010-01-04,1116.560059,1133.869995,1116.560059,1132.98999,1132.98999,3991400000,1132.98999,1132.98999,10000.0,8.826203,10000.0,0.0,456.1334949999999,540000.0,1183.863947548952
2010-02-01,1073.890015,1089.380005,1073.890015,1089.189941,1089.189941,4077610000,1089.189941,1089.189941,10000.0,9.181135,10000.0,0.0,465.3146299999999,550000.0,1181.9959325155974
2010-03-01,1105.359985,1116.109985,1105.359985,1115.709961,1115.709961,3847640000,1115.709961,1115.709961,10000.0,8.962903,10000.0,0.0,474.2775329999999,560000.0,1180.743259031838
2010-04-01,1171.22998,1181.430054,1170.689941,1178.099976,1178.099976,4006870000,1178.099976,1178.099976,10000.0,8.488244,10000.0,0.0,482.7657769999999,570000.0,1180.6967833181766
2010-05-03,1188.579956,1205.130005,1188.579956,1202.26001,1202.26001,4938050000,1202.26001,1202.26001,10000.0,8.317668,10000.0,0.0,491.0834449999999,580000.0,1181.0620087182945
2010-06-01,1087.300049,1094.77002,1069.890015,1070.709961,1070.709961,5271480000,1070.709961,1070.709961,15000.0,14.009396,15000.0,0.0,505.0928409999999,595000.0,1178.0012538328574
2010-07-01,1031.099976,1033.579956,1010.909973,1027.369995,1027.369995,6435770000,1027.369995,1027.369995,10000.0,9.733592,10000.0,0.0,514.826433,605000.0,1175.1533356097123
2010-08-02,1107.530029,1127.300049,1107.530029,1125.859985,1125.859985,4144180000,1125.859985,1125.859985,10000.0,8.882099,10000.0,0.0,523.708532,615000.0,1174.317320459465
2010-09-01,1049.719971,1081.300049,1049.719971,1080.290039,1080.290039,4396880000,1080.290039,1080.290039,10000.0,9.256773,10000.0,0.0,532.965305,625000.0,1172.6842144067898
2010-10-01,1143.48999,1150.300049,1139.420044,1146.23999,1146.23999,4298910000,1146.23999,1146.23999,10000.0,8.724177,10000.0,0.0,541.689482,635000.0,1172.25831606603
2010-11-01,1185.709961,1195.810059,1177.650024,1184.380005,1184.380005,4129180000,1184.380005,1184.380005,10000.0,8.443236,10000.0,0.0,550.132718,645000.0,1172.4443555091375
2010-12-01,1186.599976,1207.609985,1186.599976,1206.069946,1206.069946,4548110000,1206.069946,1206.069946,10000.0,8.291393,10000.0,0.0,558.4241109999999,655000.0,1172.9436231309148
2011-01-03,1257.619995,1276.170044,1257.619995,1271.869995,1271.869995,4286670000,1271.869995,1271.869995,10000.0,7.862439,10000.0,0.0,566.2865499999999,665000.0,1174.3171367923185
2011-02-01,1289.140015,1308.859985,1289.140015,1307.589966,1307.589966,5164500000,1307.589966,1307.589966,10000.0,7.647657,10000.0,0.0,573.9342069999999,675000.0,1176.092994227124
2011-03-01,1328.640015,1332.089966,1306.140015,1306.329956,1306.329956,1180420000,1306.329956,1306.329956,10000.0,7.655034,10000.0,0.0,581.5892409999999,685000.0,1177.8072077505988
2011-04-01,1329.47998,1337.849976,1328.890015,1332.410034,1332.410034,4223740000,1332.410034,1332.410034,10000.0,7.505197,10000.0,0.0,589.0944379999999,695000.0,1179.7768832439735
2011-05-02,1365.209961,1370.579956,1358.589966,1361.219971,1361.219971,3846250000,1361.219971,1361.219971,10000.0,7.346351,10000.0,0.0,596.4407889999999,705000.0,1182.0117151645713
2011-06-01,1345.199951,1345.199951,1313.709961,1314.550049,1314.550049,4241090000,1314.550049,1314.550049,10000.0,7.607166,10000.0,0.0,604.0479549999999,715000.0,1183.6808552724926
2011-07-01,1320.640015,1341.01001,1318.180054,1339.670044,1339.670044,3796930000,1339.670044,1339.670044,10000.0,7.464525,10000.0,0.0,611.5124799999999,725000.0,1185.5849614058575
2011-08-01,1292.589966,1307.380005,1274.72998,1286.939941,1286.939941,4967390000,1286.939941,1286.939941,10000.0,7.77037,10000.0,0.0,619.2828499999998,735000.0,1186.8567004560198
2011-09-01,1219.119995,1229.290039,1203.849976,1204.420044,1204.420044,4780410000,1204.420044,1204.420044,10000.0,8.302751,10000.0,0.0,627.5856009999998,745000.0,1187.089058150651
2011-10-03,1131.209961,1138.98999,1098.920044,1099.22998,1099.22998,5670340000,1099.22998,1099.22998,10000.0,9.097277,10000.0,0.0,636.6828779999997,755000.0,1185.833679667447
2011-11-01,1251.0,1251.0,1215.420044,1218.280029,1218.280029,5645540000,1218.280029,1218.280029,5000.0,4.104147,5000.0,0.0,640.7870249999997,760000.0,1186.0414932714973
2011-12-01,1246.910034,1251.089966,1239.72998,1244.579956,1244.579956,3818680000,1244.579956,1244.579956,10000.0,8.034839,10000.0,0.0,648.8218639999998,770000.0,1186.7664188332596
2012-01-03,1258.859985,1284.619995,1258.859985,1277.060059,1277.060059,3943710000,1277.060059,1277.060059,10000.0,7.830485,10000.0,0.0,656.6523489999997,780000.0,1187.843158084858
2012-02-01,1312.449951,1330.52002,1312.449951,1324.089966,1324.089966,4504360000,1324.089966,1324.089966,10000.0,7.552357,10000.0,0.0,664.2047059999998,790000.0,1189.3923557958053
2012-03-01,1365.900024,1376.170044,1365.900024,1374.089966,1374.089966,3919240000,1374.089966,1374.089966,10000.0,7.277544,10000.0,0.0,671.4822499999998,800000.0,1191.3941135450718
2012-04-02,1408.469971,1422.380005,1404.459961,1419.040039,1419.040039,3572010000,1419.040039,1419.040039,10000.0,7.047018,10000.0,0.0,678.5292679999998,810000.0,1193.7583803680525
2012-05-01,1397.859985,1415.319946,1395.72998,1405.819946,1405.819946,3807950000,1405.819946,1405.819946,10000.0,7.113286,10000.0,0.0,685.6425539999998,820000.0,1195.958441050904
2012-06-01,1309.869995,1309.869995,1277.25,1278.040039,1278.040039,4669350000,1278.040039,1278.040039,10000.0,7.824481,10000.0,0.0,693.4670349999998,830000.0,1196.884578659172
2012-07-02,1362.329956,1366.349976,1355.699951,1365.51001,1365.51001,3301650000,1365.51001,1365.51001,10000.0,7.323271,10000.0,0.0,700.7903059999998,840000.0,1198.6467175817359
2012-08-01,1379.319946,1385.030029,1373.349976,1375.319946,1375.319946,4440920000,1375.319946,1375.319946,10000.0,7.271035,10000.0,0.0,708.0613409999997,850000.0,1200.4609640169583
2012-09-04,1406.540039,1409.310059,1396.560059,1404.939941,1404.939941,3200310000,1404.939941,1404.939941,10000.0,7.117742,10000.0,0.0,715.1790829999998,860000.0,1202.4960187489157
2012-10-01,1440.900024,1457.140015,1440.900024,1444.48999,1444.48999,3505080000,1444.48999,1444.48999,10000.0,6.922859,10000.0,0.0,722.1019419999998,870000.0,1204.8160369024465
2012-11-01,1412.199951,1428.349976,1412.199951,1427.589966,1427.589966,3929890000,1427.589966,1427.589966,10000.0,7.004812,10000.0,0.0,729.1067539999998,880000.0,1206.9563135606343
2012-12-03,1416.339966,1423.72998,1408.459961,1409.459961,1409.459961,3074280000,1409.459961,1409.459961,10000.0,7.094916,10000.0,0.0,736.2016699999998,890000.0,1208.9078798204848
2013-01-02,1426.189941,1462.430054,1426.189941,1462.420044,1462.420044,4202600000,1462.420044,1462.420044,10000.0,6.837981,10000.0,0.0,743.0396509999998,900000.0,1211.2408789877625
2013-02-01,1498.109985,1514.410034,1498.109985,1513.170044,1513.170044,3836320000,1513.170044,1513.170044,10000.0,6.608643,10000.0,0.0,749.6482939999999,910000.0,1213.9025824288744
2013-03-01,1514.680054,1519.98999,1501.47998,1518.199951,1518.199951,3695610000,1518.199951,1518.199951,10000.0,6.586748,10000.0,0.0,756.2350419999998,920000.0,1216.5529880325225
2013-04-01,1569.180054,1570.569946,1558.469971,1562.170044,1562.170044,2753110000,1562.170044,1562.170044,10000.0,6.401352,10000.0,0.0,762.6363939999998,930000.0,1219.4539984148728
2013-05-01,1597.550049,1597.550049,1581.280029,1582.699951,1582.699951,3530320000,1582.699951,1582.699951,10000.0,6.318317,10000.0,0.0,768.9547109999997,940000.0,1222.4387035454424
2013-06-03,1631.709961,1640.420044,1622.719971,1640.420044,1640.420044,3952070000,1640.420044,1640.420044,10000.0,6.096,10000.0,0.0,775.0507109999998,950000.0,1225.7262479951462
2013-07-01,1609.780029,1626.609985,1609.780029,1614.959961,1614.959961,3104690000,1614.959961,1614.959961,10000.0,6.192104,10000.0,0.0,781.2428149999997,960000.0,1228.8113011317746
2013-08-01,1689.420044,1707.849976,1689.420044,1706.869995,1706.869995,3775170000,1706.869995,1706.869995,10000.0,5.858677,10000.0,0.0,787.1014919999998,970000.0,1232.3696624373827
2013-09-03,1635.949951,1651.349976,1633.410034,1639.77002,1639.77002,3731610000,1639.77002,1639.77002,10000.0,6.098416,10000.0,0.0,793.1999079999998,980000.0,1235.5019083032978
2013-10-01,1682.410034,1696.550049,1682.069946,1695.0,1695.0,3238690000,1695.0,1695.0,10000.0,5.899705,10000.0,0.0,799.0996129999999,990000.0,1238.8943554650427
2013-11-01,1758.699951,1765.670044,1752.699951,1761.640015,1761.640015,3686290000,1761.640015,1761.640015,10000.0,5.676529,10000.0,0.0,804.7761419999998,1000000.0,1242.5815674838932
2013-12-02,1806.550049,1810.02002,1798.599976,1800.900024,1800.900024,3095430000,1800.900024,1800.900024,10000.0,5.552779,10000.0,0.0,810.3289209999998,1010000.0,1246.4074449590084
2014-01-02,1845.859985,1845.859985,1827.73999,1831.97998,1831.97998,3080600000,1831.97998,1831.97998,10000.0,5.458575,10000.0,0.0,815.7874959999998,1020000.0,1250.325611757109
2014-02-03,1782.680054,1784.829956,1739.660034,1741.890015,1741.890015,4726040000,1741.890015,1741.890015,10000.0,5.740891,10000.0,0.0,821.5283869999998,1030000.0,1253.7606932382243
2014-03-03,1857.680054,1857.680054,1834.439941,1845.72998,1845.72998,3428220000,1845.72998,1845.72998,10000.0,5.417911,10000.0,0.0,826.9462979999998,1040000.0,1257.6391024607988
2014-04-01,1873.959961,1885.839966,1873.959961,1885.52002,1885.52002,3336190000,1885.52002,1885.52002,10000.0,5.303577,10000.0,0.0,832.2498749999999,1050000.0,1261.640321664212
2014-05-01,1884.390015,1888.589966,1878.040039,1883.680054,1883.680054,3416740000,1883.680054,1883.680054,10000.0,5.308757,10000.0,0.0,837.5586319999999,1060000.0,1265.5830404002095
2014-06-02,1923.869995,1925.880005,1915.97998,1924.969971,1924.969971,2509020000,1924.969971,1924.969971,10000.0,5.194886,10000.0,0.0,842.7535179999999,1070000.0,1269.6476219278152
2014-07-01,1962.290039,1978.579956,1962.290039,1973.319946,1973.319946,3188240000,1973.319946,1973.319946,10000.0,5.067602,10000.0,0.0,847.8211199999998,1080000.0,1273.853616668573
2014-08-01,1929.800049,1937.349976,1916.369995,1925.150024,1925.150024,3789660000,1925.150024,1925.150024,10000.0,5.1944,10000.0,0.0,853.0155199999998,1090000.0,1277.8196579588614
2014-09-02,2004.069946,2006.119995,1994.849976,2002.280029,2002.280029,2819980000,2002.280029,2002.280029,10000.0,4.994306,10000.0,0.0,858.0098259999999,1100000.0,1282.0365998932048
2014-10-01,1971.439941,1971.439941,1941.719971,1946.160034,1946.160034,4188590000,1946.160034,1946.160034,10000.0,5.138324,10000.0,0.0,863.1481499999999,1110000.0,1285.99012811416
2014-11-03,2018.209961,2024.459961,2013.680054,2017.810059,2017.810059,3555440000,2017.810059,2017.810059,10000.0,4.955868,10000.0,0.0,868.1040179999999,1120000.0,1290.1679715529208
2014-12-01,2065.780029,2065.780029,2049.570068,2053.439941,2053.439941,4159010000,2053.439941,2053.439941,10000.0,4.869877,10000.0,0.0,872.9738949999999,1130000.0,1294.4258774198513
2015-01-02,2058.899902,2072.360107,2046.040039,2058.199951,2058.199951,2708700000,2058.199951,2058.199951,10000.0,4.858614,10000.0,0.0,877.8325089999998,1140000.0,1298.6532035577645
2015-02-02,1996.670044,2021.660034,1980.900024,2020.849976,2020.849976,4008330000,2020.849976,2020.849976,10000.0,4.948413,10000.0,0.0,882.7809219999998,1150000.0,1302.7014645882891
2015-03-02,2105.22998,2117.52002,2104.5,2117.389893,2117.389893,3409490000,2117.389893,2117.389893,10000.0,4.722796,10000.0,0.0,887.5037179999998,1160000.0,1307.0367779574758
2015-04-01,2067.629883,2067.629883,2048.379883,2059.689941,2059.689941,3543270000,2059.689941,2059.689941,10000.0,4.8551,10000.0,0.0,892.3588179999998,1170000.0,1311.1317739003955
2015-05-01,2087.379883,2108.409912,2087.379883,2108.290039,2108.290039,3379390000,2108.290039,2108.290039,10000.0,4.74318,10000.0,0.0,897.1019979999999,1180000.0,1315.3465298602537
2015-06-01,2108.639893,2119.149902,2102.540039,2111.72998,2111.72998,3011710000,2111.72998,2111.72998,10000.0,4.735454,10000.0,0.0,901.8374519999999,1190000.0,1319.5282557415903
2015-07-01,2067.0,2082.780029,2067.0,2077.419922,2077.419922,3727260000,2077.419922,2077.419922,10000.0,4.813663,10000.0,0.0,906.6511149999999,1200000.0,1323.552114089663
2015-08-03,2104.48999,2105.699951,2087.310059,2098.040039,2098.040039,3476770000,2098.040039,2098.040039,10000.0,4.766353,10000.0,0.0,911.4174679999999,1210000.0,1327.6023803397195
2015-09-01,1970.089966,1970.089966,1903.069946,1913.849976,1913.849976,4371850000,1913.849976,1913.849976,10000.0,5.22507,10000.0,0.0,916.6425379999998,1220000.0,1330.9441242623197
2015-10-01,1919.650024,1927.209961,1900.699951,1923.819946,1923.819946,3983600000,1923.819946,1923.819946,10000.0,5.197992,10000.0,0.0,921.8405299999998,1230000.0,1334.2871787162583
2015-11-02,2080.76001,2106.199951,2080.76001,2104.050049,2104.050049,3760020000,2104.050049,2104.050049,10000.0,4.752739,10000.0,0.0,926.5932689999999,1240000.0,1338.235492837365
2015-12-01,2082.929932,2103.370117,2082.929932,2102.629883,2102.629883,3712120000,2102.629883,2102.629883,10000.0,4.755949,10000.0,0.0,931.3492179999998,1250000.0,1342.1388839347264
2016-01-04,2038.199951,2038.199951,1989.680054,2012.660034,2012.660034,4304880000,2012.660034,2012.660034,10000.0,4.968549,10000.0,0.0,936.3177669999999,1260000.0,1345.6969892145603
2016-02-01,1936.939941,1947.199951,1920.300049,1939.380005,1939.380005,4322530000,1939.380005,1939.380005,10000.0,5.156287,10000.0,0.0,941.4740539999999,1270000.0,1348.9484862638606
2016-03-01,1937.089966,1978.349976,1937.089966,1978.349976,1978.349976,4819750000,1978.349976,1978.349976,10000.0,5.054717,10000.0,0.0,946.5287709999999,1280000.0,1352.309659481022
2016-04-01,2056.620117,2075.070068,2043.97998,2072.780029,2072.780029,3749990000,2072.780029,2072.780029,10000.0,4.824439,10000.0,0.0,951.3532099999999,1290000.0,1355.9632599547335
2016-05-02,2067.169922,2083.419922,2066.110107,2081.429932,2081.429932,3841110000,2081.429932,2081.429932,10000.0,4.804389,10000.0,0.0,956.1575989999999,1300000.0,1359.608501108613
2016-06-01,2093.939941,2100.969971,2085.100098,2099.330078,2099.330078,3525170000,2099.330078,2099.330078,10000.0,4.763424,10000.0,0.0,960.9210229999999,1310000.0,1363.2754083266634
2016-07-01,2099.340088,2108.709961,2097.899902,2102.949951,2102.949951,3458890000,2102.949951,2102.949951,10000.0,4.755225,10000.0,0.0,965.6762479999999,1320000.0,1366.9177457080834
2016-08-01,2173.149902,2178.290039,2166.209961,2170.840088,2170.840088,3505990000,2170.840088,2170.840088,10000.0,4.606512,10000.0,0.0,970.2827599999998,1330000.0,1370.7344444623548
2016-09-01,2171.330078,2173.560059,2157.090088,2170.860107,2170.860107,3392120000,2170.860107,2170.860107,10000.0,4.606469,10000.0,0.0,974.8892289999998,1340000.0,1374.5151347856365
2016-10-03,2164.330078,2164.409912,2154.77002,2161.199951,2161.199951,3113850000,2161.199951,2161.199951,10000.0,4.627059,10000.0,0.0,979.5162879999998,1350000.0,1378.23129287259
2016-11-01,2128.679932,2131.449951,2097.850098,2111.719971,2111.719971,4539190000,2111.719971,2111.719971,10000.0,4.735476,10000.0,0.0,984.2517639999998,1360000.0,1381.7602870966257
2016-12-01,2200.169922,2202.600098,2187.439941,2191.080078,2191.080078,5067470000,2191.080078,2191.080078,10000.0,4.563959,10000.0,0.0,988.8157229999997,1370000.0,1385.4957684567485
2017-01-03,2251.570068,2263.879883,2245.129883,2257.830078,2257.830078,3773010000,2257.830078,2257.830078,10000.0,4.429031,10000.0,0.0,993.2447539999997,1380000.0,1389.385641799222
2017-02-01,2285.590088,2289.139893,2272.439941,2279.550049,2279.550049,3919190000,2279.550049,2279.550049,10000.0,4.386831,10000.0,0.0,997.6315849999997,1390000.0,1393.2999124120558
2017-03-01,2380.129883,2400.97998,2380.129883,2395.959961,2395.959961,4347630000,2395.959961,2395.959961,10000.0,4.173692,10000.0,0.0,1001.8052769999997,1400000.0,1397.4771666130887
2017-04-03,2362.340088,2365.870117,2344.72998,2358.840088,2358.840088,3418730000,2358.840088,2358.840088,10000.0,4.239372,10000.0,0.0,1006.0446489999997,1410000.0,1401.5282536431446
2017-05-01,2388.5,2394.48999,2384.830078,2388.330078,2388.330078,3201500000,2388.330078,2388.330078,10000.0,4.187026,10000.0,0.0,1010.2316749999997,1420000.0,1405.6181716931421
2017-06-01,2415.649902,2430.060059,2413.540039,2430.060059,2430.060059,3860620000,2430.060059,2430.060059,10000.0,4.115125,10000.0,0.0,1014.3467999999997,1430000.0,1409.7742507789253
2017-07-03,2431.389893,2439.169922,2428.689941,2429.01001,2429.01001,1901480000,2429.01001,2429.01001,10000.0,4.116904,10000.0,0.0,1018.4637039999997,1440000.0,1413.894274626011
2017-08-01,2477.100098,2478.51001,2471.139893,2476.350098,2476.350098,3470260000,2476.350098,2476.350098,10000.0,4.038201,10000.0,0.0,1022.5019049999996,1450000.0,1418.0902675188663
2017-09-01,2474.419922,2480.379883,2473.850098,2476.550049,2476.550049,2712780000,2476.550049,2476.550049,10000.0,4.037875,10000.0,0.0,1026.5397799999996,1460000.0,1422.2536997056272
2017-10-02,2521.199951,2529.22998,2520.399902,2529.120117,2529.120117,3226370000,2529.120117,2529.120117,10000.0,3.953944,10000.0,0.0,1030.4937239999997,1470000.0,1426.5006819197285
2017-11-01,2583.209961,2588.399902,2574.919922,2579.360107,2579.360107,3841200000,2579.360107,2579.360107,10000.0,3.876931,10000.0,0.0,1034.3706549999997,1480000.0,1430.821720285559
2017-12-01,2645.100098,2650.620117,2605.52002,2642.219971,2642.219971,3950930000,2642.219971,2642.219971,10000.0,3.784696,10000.0,0.0,1038.1553509999997,1490000.0,1435.237990696443
2018-01-02,2683.72998,2695.889893,2682.360107,2695.810059,2695.810059,3397430000,2695.810059,2695.810059,10000.0,3.70946,10000.0,0.0,1041.8648109999997,1500000.0,1439.7261373673562
2018-02-01,2816.449951,2835.959961,2812.699951,2821.97998,2821.97998,3977380000,2821.97998,2821.97998,10000.0,3.543611,10000.0,0.0,1045.4084219999997,1510000.0,1444.4115507613544
2018-03-01,2715.219971,2730.889893,2659.649902,2677.669922,2677.669922,4514490000,2677.669922,2677.669922,10000.0,3.73459,10000.0,0.0,1049.1430119999998,1520000.0,1448.8015290712344
2018-04-02,2633.449951,2638.300049,2553.800049,2581.879883,2581.879883,3635780000,2581.879883,2581.879883,10000.0,3.873147,10000.0,0.0,1053.0161589999998,1530000.0,1452.9691561931675
2018-05-01,2642.959961,2655.27002,2625.409912,2654.800049,2654.800049,3562820000,2654.800049,2654.800049,10000.0,3.766762,10000.0,0.0,1056.7829209999998,1540000.0,1457.2529224287116
2018-06-01,2718.699951,2736.929932,2718.699951,2734.620117,2734.620117,3694310000,2734.620117,2734.620117,10000.0,3.656815,10000.0,0.0,1060.4397359999998,1550000.0,1461.6577891041989
2018-07-02,2704.949951,2727.26001,2698.949951,2726.709961,2726.709961,3095040000,2726.709961,2726.709961,10000.0,3.667423,10000.0,0.0,1064.107159,1560000.0,1466.0177659795258
2018-08-01,2821.169922,2825.830078,2805.850098,2813.360107,2813.360107,3501350000,2813.360107,2813.360107,10000.0,3.554469,10000.0,0.0,1067.6616279999998,1570000.0,1470.5033494001343
2018-09-04,2896.959961,2900.179932,2885.129883,2896.719971,2896.719971,3087420000,2896.719971,2896.719971,10000.0,3.45218,10000.0,0.0,1071.1138079999998,1580000.0,1475.1000203705714
2018-10-01,2926.290039,2937.060059,2917.909912,2924.590088,2924.590088,3375890000,2924.590088,2924.590088,10000.0,3.419283,10000.0,0.0,1074.5330909999998,1590000.0,1479.71245680325
2018-11-01,2717.580078,2741.669922,2708.850098,2740.370117,2740.370117,4730250000,2740.370117,2740.370117,10000.0,3.649142,10000.0,0.0,1078.1822329999998,1600000.0,1483.979192968208
2018-12-03,2790.5,2800.179932,2773.379883,2790.370117,2790.370117,4221580000,2790.370117,2790.370117,10000.0,3.583754,10000.0,0.0,1081.7659869999998,1610000.0,1488.307100933097
2019-01-02,2476.959961,2519.48999,2467.469971,2510.030029,2510.030029,3733160000,2510.030029,2510.030029,15000.0,5.976024,15000.0,0.0,1087.7420109999998,1625000.0,1493.9204182304954
2019-02-01,2702.320068,2716.659912,2696.879883,2706.530029,2706.530029,3782490000,2706.530029,2706.530029,10000.0,3.694768,10000.0,0.0,1091.436779,1635000.0,1498.0253840245566
2019-03-01,2798.219971,2808.02002,2787.379883,2803.689941,2803.689941,3994950000,2803.689941,2803.689941,10000.0,3.566728,10000.0,0.0,1095.003507,1645000.0,1502.2782936164606
2019-04-01,2848.629883,2869.399902,2848.629883,2867.189941,2867.189941,3560090000,2867.189941,2867.189941,10000.0,3.487735,10000.0,0.0,1098.4912419999998,1655000.0,1506.6119207166153
2019-05-01,2952.330078,2954.129883,2923.360107,2923.72998,2923.72998,3669330000,2923.72998,2923.72998,10000.0,3.420288,10000.0,0.0,1101.9115299999999,1665000.0,1511.0105981012834
2019-06-03,2751.530029,2763.070068,2728.810059,2744.449951,2744.449951,3952360000,2744.449951,2744.449951,10000.0,3.643717,10000.0,0.0,1105.5552469999998,1675000.0,1515.075799735226
2019-07-01,2971.409912,2977.929932,2952.219971,2964.330078,2964.330078,3524860000,2964.330078,2964.330078,10000.0,3.373443,10000.0,0.0,1108.9286899999997,1685000.0,1519.4845396235537
2019-08-01,2980.320068,3013.590088,2945.22998,2953.560059,2953.560059,4793810000,2953.560059,2953.560059,10000.0,3.385745,10000.0,0.0,1112.3144349999998,1695000.0,1523.8496837452265
2019-09-03,2909.01001,2914.389893,2891.850098,2906.27002,2906.27002,3427830000,2906.27002,2906.27002,10000.0,3.440837,10000.0,0.0,1115.7552719999999,1705000.0,1528.1128781437658
2019-10-01,2983.689941,2992.530029,2938.699951,2940.25,2940.25,3560750000,2940.25,2940.25,10000.0,3.401071,10000.0,0.0,1119.1563429999999,1715000.0,1532.4043068038084
2019-11-01,3050.719971,3066.949951,3050.719971,3066.909912,3066.909912,3956290000,3066.909912,3066.909912,10000.0,3.260611,10000.0,0.0,1122.4169539999998,1725000.0,1536.8620313980043
2019-12-02,3143.850098,3144.310059,3110.780029,3113.870117,3113.870117,3285750000,3113.870117,3113.870117,10000.0,3.211438,10000.0,0.0,1125.6283919999998,1735000.0,1541.3612630339553
2020-01-02,3244.669922,3258.139893,3235.530029,3257.850098,3257.850098,3459930000,3257.850098,3257.850098,10000.0,3.069509,10000.0,0.0,1128.6979009999998,1745000.0,1546.029277146676
2020-02-03,3235.659912,3268.439941,3235.659912,3248.919922,3248.919922,3760460000,3248.919922,3248.919922,10000.0,3.077946,10000.0,0.0,1131.7758469999999,1755000.0,1550.6604109391285
2020-03-02,2974.280029,3090.959961,2945.189941,3090.22998,3090.22998,6381330000,3090.22998,3090.22998,10000.0,3.236005,10000.0,0.0,1135.0118519999999,1765000.0,1555.0498410125856
2020-04-01,2498.080078,2522.75,2447.48999,2470.5,2470.5,5964000000,2470.5,2470.5,15000.0,6.071645,15000.0,0.0,1141.0834969999999,1780000.0,1559.9209038424997
2020-05-01,2869.090088,2869.090088,2821.610107,2830.709961,2830.709961,4759810000,2830.709961,2830.709961,5000.0,1.766341,5000.0,0.0,1142.8498379999999,1785000.0,1561.8849831783414
2020-06-01,3038.780029,3062.179932,3031.540039,3055.72998,3055.72998,4684170000,3055.72998,3055.72998,10000.0,3.27254,10000.0,0.0,1146.1223779999998,1795000.0,1566.1503818922906
2020-07-01,3105.919922,3128.439941,3101.169922,3115.860107,3115.860107,4449230000,3115.860107,3115.860107,10000.0,3.209387,10000.0,0.0,1149.331765,1805000.0,1570.4777810608934
2020-08-03,3288.26001,3302.72998,3284.530029,3294.610107,3294.610107,4438940000,3294.610107,3294.610107,10000.0,3.035261,10000.0,0.0,1152.367026,1815000.0,1575.0190339097746
2020-09-01,3507.439941,3528.030029,3494.600098,3526.649902,3526.649902,4101490000,3526.649902,3526.649902,10000.0,2.835552,10000.0,0.0,1155.202578,1825000.0,1579.8094938115696
2020-10-01,3385.870117,3397.179932,3361.389893,3380.800049,3380.800049,4076340000,3380.800049,3380.800049,10000.0,2.95788,10000.0,0.0,1158.1604579999998,1835000.0,1584.4091268396596
2020-11-02,3296.199951,3330.139893,3279.73999,3310.23999,3310.23999,4314690000,3310.23999,3310.23999,10000.0,3.020929,10000.0,0.0,1161.1813869999999,1845000.0,1588.8990476902986
2020-12-01,3645.870117,3678.449951,3645.870117,3662.449951,3662.449951,5418480000,3662.449951,3662.449951,5000.0,1.365206,5000.0,0.0,1162.5465929999998,1850000.0,1591.3340687928887
2021-01-04,3764.610107,3769.98999,3662.709961,3700.649902,3700.649902,5015000000,3700.649902,3700.649902,10000.0,2.702228,10000.0,0.0,1165.248821,1860000.0,1596.225601330173
2021-02-01,3731.169922,3784.320068,3725.620117,3773.860107,3773.860107,5436230000,3773.860107,3773.860107,10000.0,2.649807,10000.0,0.0,1167.898628,1870000.0,1601.1663642437297
2021-03-01,3842.51001,3914.5,3842.51001,3901.820068,3901.820068,5114820000,3901.820068,3901.820068,10000.0,2.562906,10000.0,0.0,1170.461534,1880000.0,1606.2040019163926
2021-04-01,3992.780029,4020.629883,3992.780029,4019.870117,4019.870117,4162130000,4019.870117,4019.870117,10000.0,2.487643,10000.0,0.0,1172.949177,1890000.0,1611.3230113123648
2021-05-03,4191.97998,4209.390137,4188.029785,4192.660156,4192.660156,4070220000,4192.660156,4192.660156,10000.0,2.385121,10000.0,0.0,1175.334298,1900000.0,1616.5613504456755
2021-06-01,4216.52002,4234.120117,4197.589844,4202.040039,4202.040039,5074670000,4202.040039,4202.040039,10000.0,2.379796,10000.0,0.0,1177.714094,1910000.0,1621.7858050020077
2021-07-01,4300.72998,4320.660156,4300.72998,4319.939941,4319.939941,3788230000,4319.939941,4319.939941,10000.0,2.314847,10000.0,0.0,1180.028941,1920000.0,1627.0787378934292
2021-08-02,4406.859863,4422.180176,4384.810059,4387.160156,4387.160156,3724090000,4387.160156,4387.160156,10000.0,2.279379,10000.0,0.0,1182.30832,1930000.0,1632.3999140934743
2021-09-01,4528.799805,4537.109863,4522.02002,4524.089844,4524.089844,4057340000,4524.089844,4524.089844,10000.0,2.210389,10000.0,0.0,1184.5187090000002,1940000.0,1637.7959970238003
2021-10-01,4317.160156,4375.189941,4288.52002,4357.040039,4357.040039,4010370000,4357.040039,4357.040039,10000.0,2.295136,10000.0,0.0,1186.8138450000001,1950000.0,1643.0546443448338
2021-11-01,4610.620117,4620.339844,4595.060059,4613.669922,4613.669922,3971540000,4613.669922,4613.669922,10000.0,2.167472,10000.0,0.0,1188.9813170000002,1960000.0,1648.4699733931982
2021-12-01,4602.819824,4652.939941,4510.27002,4513.040039,4513.040039,5366730000,4513.040039,4513.040039,10000.0,2.215801,10000.0,0.0,1191.1971180000003,1970000.0,1653.798494163247
2022-01-03,4778.140137,4796.640137,4758.169922,4796.560059,4796.560059,3831020000,4796.560059,4796.560059,10000.0,2.084827,10000.0,0.0,1193.2819450000002,1980000.0,1659.289330821141
2022-02-01,4519.569824,4550.490234,4483.529785,4546.540039,4546.540039,4816830000,4546.540039,4546.540039,10000.0,2.199475,10000.0,0.0,1195.48142,1990000.0,1664.6013620186584
2022-03-01,4363.140137,4378.450195,4279.540039,4306.259766,4306.259766,5846230000,4306.259766,4306.259766,10000.0,2.322201,10000.0,0.0,1197.803621,2000000.0,1669.7227867204786
2022-04-01,4540.319824,4548.700195,4507.569824,4545.859863,4545.859863,4562940000,4545.859863,4545.859863,10000.0,2.199804,10000.0,0.0,1200.003425,2010000.0,1674.9952192844783
2022-05-02,4130.609863,4169.810059,4062.51001,4155.379883,4155.379883,5163790000,4155.379883,4155.379883,10000.0,2.406519,10000.0,0.0,1202.409944,2020000.0,1679.959493082835
2022-06-01,4149.779785,4166.540039,4073.850098,4101.22998,4101.22998,4531800000,4101.22998,4101.22998,10000.0,2.438293,10000.0,0.0,1204.848237,2030000.0,1684.8595015207713
2022-07-01,3781.0,3829.820068,3752.100098,3825.330078,3825.330078,4046950000,3825.330078,3825.330078,10000.0,2.614153,10000.0,0.0,1207.46239,2040000.0,1689.4936164429935
2022-08-01,4112.379883,4144.950195,4096.02002,4118.629883,4118.629883,4202810000,4118.629883,4118.629883,10000.0,2.427992,10000.0,0.0,1209.8903819999998,2050000.0,1694.3683746053619
2022-09-01,3936.72998,3970.22998,3903.649902,3966.850098,3966.850098,4152250000,3966.850098,3966.850098,10000.0,2.520892,10000.0,0.0,1212.4112739999998,2060000.0,1699.0934051640963
2022-10-03,3609.780029,3698.350098,3604.929932,3678.429932,3678.429932,4806680000,3678.429932,3678.429932,10000.0,2.718551,10000.0,0.0,1215.1298249999998,2070000.0,1703.5216792576057
2022-11-01,3901.790039,3911.790039,3843.800049,3856.100098,3856.100098,4481210000,3856.100098,3856.100098,10000.0,2.593294,10000.0,0.0,1217.7231189999998,2080000.0,1708.105863759987
2022-12-01,4087.139893,4100.509766,4050.870117,4076.570068,4076.570068,4527130000,4076.570068,4076.570068,10000.0,2.453043,10000.0,0.0,1220.1761619999997,2090000.0,1712.8674244662063
2023-01-03,3853.290039,3878.459961,3794.330078,3824.139893,3824.139893,3959140000,3824.139893,3824.139893,10000.0,2.614967,10000.0,0.0,1222.7911289999997,2100000.0,1717.3824295874497
2023-02-01,4070.070068,4148.950195,4037.199951,4119.209961,4119.209961,4856930000,4119.209961,4119.209961,10000.0,2.42765,10000.0,0.0,1225.2187789999998,2110000.0,1722.1414135703517
2023-03-01,3963.340088,3971.72998,3939.050049,3951.389893,3951.389893,4249480000,3951.389893,3951.389893,10000.0,2.530755,10000.0,0.0,1227.7495339999998,2120000.0,1726.73655439563
2023-04-03,4102.200195,4127.660156,4098.790039,4124.509766,4124.509766,4234700000,4124.509766,4124.509766,10000.0,2.424531,10000.0,0.0,1230.1740649999997,2130000.0,1731.4622870057015
2023-05-01,4166.790039,4186.919922,4164.120117,4167.870117,4167.870117,3321370000,4167.870117,4167.870117,10000.0,2.399307,10000.0,0.0,1232.5733719999996,2140000.0,1736.204958352776
2023-06-01,4183.029785,4232.430176,4171.640137,4221.02002,4221.02002,4391860000,4221.02002,4221.02002,10000.0,2.369096,10000.0,0.0,1234.9424679999995,2150000.0,1740.971790760378
2023-07-03,4450.47998,4456.459961,4442.290039,4455.589844,4455.589844,2034280000,4455.589844,4455.589844,10000.0,2.244372,10000.0,0.0,1237.1868399999996,2160000.0,1745.8963595183413
2023-08-01,4578.830078,4584.620117,4567.529785,4576.72998,4576.72998,4042370000,4576.72998,4576.72998,10000.0,2.184966,10000.0,0.0,1239.3718059999997,2170000.0,1750.8870134810866
2023-09-01,4530.600098,4541.25,4501.350098,4515.77002,4515.77002,3246260000,4515.77002,4515.77002,10000.0,2.214462,10000.0,0.0,1241.5862679999996,2180000.0,1755.8183882877809
2023-10-02,4284.52002,4300.580078,4260.209961,4288.390137,4288.390137,3938660000,4288.390137,4288.390137,10000.0,2.331877,10000.0,0.0,1243.9181449999996,2190000.0,1760.5660057318325
2023-11-01,4201.27002,4245.640137,4197.740234,4237.859863,4237.859863,4224900000,4237.859863,4237.859863,10000.0,2.359682,10000.0,0.0,1246.2778269999997,2200000.0,1765.256471982471
2023-12-01,4559.430176,4599.390137,4554.709961,4594.629883,4594.629883,4397120000,4594.629883,4594.629883,10000.0,2.176454,10000.0,0.0,1248.4542809999996,2210000.0,1770.1889717818194
2024-01-02,4745.200195,4754.330078,4722.669922,4742.830078,4742.830078,3743050000,4742.830078,4742.830078,10000.0,2.108446,10000.0,0.0,1250.5627269999995,2220000.0,1775.2008372467676
2024-02-01,4861.109863,4906.970215,4853.52002,4906.189941,4906.189941,4386090000,4906.189941,4906.189941,10000.0,2.038242,10000.0,0.0,1252.6009689999996,2230000.0,1780.2956050563303
2024-03-01,5098.509766,5140.330078,5094.160156,5137.080078,5137.080078,4748110000,5137.080078,5137.080078,10000.0,1.946631,10000.0,0.0,1254.5475999999996,2240000.0,1785.5041929058734
2024-04-01,5257.970215,5263.950195,5229.200195,5243.77002,5243.77002,3325930000,5243.77002,5243.77002,10000.0,1.907025,10000.0,0.0,1256.4546249999996,2250000.0,1790.753088278059
2024-05-01,5029.029785,5096.120117,5013.450195,5018.390137,5018.390137,4544170000,5018.390137,5018.390137,10000.0,1.992671,10000.0,0.0,1258.4472959999996,2260000.0,1795.8638452189903
2024-06-03,5297.149902,5302.109863,5234.319824,5283.399902,5283.399902,4046920000,5283.399902,5283.399902,10000.0,1.892721,10000.0,0.0,1260.3400169999995,2270000.0,1801.1012658340442
2024-07-01,5471.080078,5479.549805,5446.529785,5475.089844,5475.089844,3488760000,5475.089844,5475.089844,10000.0,1.826454,10000.0,0.0,1262.1664709999995,2280000.0,1806.4178160219888
2024-08-01,5537.839844,5566.160156,5410.419922,5446.680176,5446.680176,4703620000,5446.680176,5446.680176,10000.0,1.835981,10000.0,0.0,1264.0024519999995,2290000.0,1811.7053462804524
2024-09-03,5623.890137,5623.890137,5504.330078,5528.930176,5528.930176,3866350000,5528.930176,5528.930176,10000.0,1.808668,10000.0,0.0,1265.8111199999994,2300000.0,1817.0167441727017
2024-10-01,5757.72998,5757.72998,5681.279785,5708.75,5708.75,4025180000,5708.75,5708.75,10000.0,1.751697,10000.0,0.0,1267.5628169999993,2310000.0,1822.3948896411982
2024-11-01,5723.220215,5772.52002,5723.220215,5728.799805,5728.799805,3796450000,5728.799805,5728.799805,10000.0,1.745566,10000.0,0.0,1269.3083829999994,2320000.0,1827.7670194824525
2024-12-02,6040.109863,6053.580078,6035.330078,6047.149902,6047.149902,4412470000,6047.149902,6047.149902,10000.0,1.653672,10000.0,0.0,1270.9620549999993,2330000.0,1833.2569338586597
2025-01-02,5903.259766,5935.089844,5829.529785,5868.549805,5868.549805,3621680000,5868.549805,5868.549805,10000.0,1.703998,10000.0,0.0,1272.6660529999992,2340000.0,1838.6598703438517
2025-02-03,5969.649902,6022.129883,5923.930176,5994.569824,5994.569824,4797210000,5994.569824,5994.569824,10000.0,1.668176,10000.0,0.0,1274.3342289999991,2350000.0,1844.1001948477062
2025-03-03,5968.330078,5986.089844,5810.910156,5849.720215,5849.720215,5613850000,5849.720215,5849.720215,10000.0,1.709483,10000.0,0.0,1276.0437119999992,2360000.0,1849.4664232944408
2025-04-01,5597.529785,5650.569824,5558.52002,5633.069824,5633.069824,4434500000,5633.069824,5633.069824,10000.0,1.775231,10000.0,0.0,1277.8189429999993,2370000.0,1854.7228564602688
2025-05-01,5625.140137,5658.910156,5597.350098,5604.140137,5604.140137,4935270000,5604.140137,5604.140137,10000.0,1.784395,10000.0,0.0,1279.6033379999992,2380000.0,1859.9513844031576
2025-06-02,5896.680176,5937.399902,5861.430176,5935.939941,5935.939941,4832240000,5935.939941,5935.939941,10000.0,1.684653,10000.0,0.0,1281.2879909999992,2390000.0,1865.3105443801833
2025-07-01,6187.25,6210.779785,6177.970215,6198.009766,6198.009766,6275310000,6198.009766,6198.009766,10000.0,1.613421,10000.0,0.0,1282.9014119999993,2400000.0,1870.7594968334179
2025-08-01,6287.279785,6287.279785,6212.689941,6238.009766,6238.009766,5827150000,6238.009766,6238.009766,10000.0,1.603075,10000.0,0.0,1284.5044869999992,2410000.0,1876.2098726713139
2025-09-02,6401.509766,6416.540039,6360.580078,6415.540039,6415.540039,4784000000,6415.540039,6415.540039,10000.0,1.558715,10000.0,0.0,1286.0632019999991,2420000.0,1881.7115645922988
2025-10-01,6664.919922,6718.47998,6656.200195,6711.200195,6711.200195,6037950000,6711.200195,6711.200195,10000.0,1.490046,10000.0,0.0,1287.553247999999,2430000.0,1887.3005864220397
2025-11-03,6882.319824,6882.319824,6820.620117,6851.970215,6851.970215,6065720000,6851.970215,6851.970215,10000.0,1.459434,10000.0,0.0,1289.0126819999991,2440000.0,1892.9216400060225
2025-12-01,6812.299805,6843.649902,6799.939941,6812.629883,6812.629883,4549370000,6812.629883,6812.629883,10000.0,1.467862,10000.0,0.0,1290.480543999999,2450000.0,1898.5175804401756
2026-01-02,6878.109863,6894.870117,6824.310059,6858.470215,6858.470215,4184120000,6858.470215,6858.470215,10000.0,1.458051,10000.0,0.0,1291.9385949999992,2460000.0,1904.1152648590096
2026-02-02,6916.640137,6991.919922,6914.339844,6976.439941,6976.439941,5772050000,6976.439941,6976.439941,10000.0,1.433396,10000.0,0.0,1293.371990999999,2470000.0,1909.7367325004966
2026-03-02,6824.359863,6901.009766,6796.850098,6881.620117,6881.620117,6079080000,6881.620117,6881.620117,10000.0,1.453146,10000.0,0.0,1294.8251369999991,2480000.0,1915.316538993019
2026-04-01,6556.560059,6609.669922,6554.290039,6575.319824,6575.319824,5637260000,6575.319824,6575.319824,10000.0,1.520839,10000.0,0.0,1296.3459759999992,2490000.0,1920.7835300905826
