Date,BuyPrice,TargetValue,CurrentValueBeforeTrade,InvestAmount,UnitsBought,CashUsed,CashRemainder,CumUnits,CumInvested,AvgCost
2005-09-02,6116.02,10000,0.0,10000.0,1.63505,9999.998501,0.0014989999999670545,1.63505,9999.998501,6116.02
2005-10-03,6123.89,20000,10012.8663445,9987.1336555,1.630848,9987.133758720001,-0.00010322000161977485,3.265898,19987.13225972,6119.9499371137745
2005-11-01,5798.38,30000,18936.91764524,11063.082354760001,1.907961,11063.08290318,-0.0005484199991769856,5.173859,31050.2151629,6001.364776832921
2005-12-01,6179.79,40000,31973.36210961,8026.63789039,1.298853,8026.63878087,-0.0008904799997253576,6.4727120000000005,39076.85394377,6037.168646429812
2006-01-02,6462.03,50000,41826.85912536,8173.1408746399975,1.264795,8173.143233849999,-0.0023592100014866446,7.737507000000001,47249.997177620004,6106.617697098044
2006-02-03,6594.57,60000,51025.531536990005,8974.468463009995,1.360888,8974.47117816,-0.002715150005315081,9.098395,56224.46835578,6179.60292510712
2006-03-01,6613.36,70000,60170.9615572,9829.038442800003,1.48624,9829.0401664,-0.0017235999966942472,10.584635,66053.50852218,6240.508862344332
2006-04-03,6660.73,80000,70501.39588355,9498.604116450006,1.426061,9498.607284529999,-0.0031680799929745262,12.010696000000001,75552.11580670999,6290.402804859101
2006-05-02,7199.57,90000,86471.84660072,3528.153399279996,0.490051,3528.15647807,-0.0030787900041104876,12.500747,79080.27228477999,6326.043738408592
2006-06-01,6872.81,100000,85915.25898907,14084.741010929996,2.049342,14084.738191020002,0.002819909994286718,14.550089,93165.0104758,6403.054337042199
2006-07-03,6718.47,110000,97754.33644383,12245.663556169995,1.822686,12245.661210420001,0.0023457499937649118,16.372775,105410.67168622,6438.167731873185
2006-08-01,6441.43,120000,105464.08406825001,14535.915931749987,2.256629,14535.917739470002,-0.0018077200147672556,18.629404,119946.58942569,6438.5628990433615
2006-09-01,6651.43,130000,123912.17664772001,6087.823352279986,0.915265,6087.82107895,0.0022733299856554368,19.544669000000003,126034.41050464,6448.531336327056
2006-10-02,6960.92,140000,136048.87733548,3951.122664519993,0.567615,3951.1226057999997,5.8719993376143975e-05,20.112284000000002,129985.53311044001,6462.992125133078
2006-11-01,7013.96,150000,141066.75548464002,8933.244515359984,1.273638,8933.24598648,-0.0014711200165038463,21.385922,138918.77909692,6495.805001856829
2006-12-01,7613.53,160000,162822.35872466,0.0,0.0,0.0,0.0,21.385922,138918.77909692,6495.805001856829
2007-01-02,7920.76,170000,169392.75554072,607.2444592799875,0.076665,607.2450654,-0.0006061200125486721,21.462587,139526.02416232,6500.894983550679
2007-02-01,7701.5,180000,165294.1137805,14705.886219500011,1.909483,14705.8833245,0.002895000010539661,23.37207,154231.90748682,6598.983636743344
2007-03-01,7678.63,190000,179465.47786410002,10534.522135899984,1.371927,10534.519820009999,0.002315889985766262,24.743997,164766.42730683,6658.844458590502
2007-04-02,7884.95,200000,195105.17914515,4894.820854849997,0.62078,4894.819261,0.0015938499973344733,25.364777,169661.24656783,6688.852283930192
2007-05-02,7903.0,210000,200457.832631,9542.167369000003,1.207411,9542.169133,-0.0017639999969105702,26.572188,179203.41570083,6744.021820891452
2007-06-01,8249.86,220000,219216.83089368002,783.1691063199833,0.094931,783.1674596600001,0.0016466599831801432,26.667119,179986.58316049,6749.382382119718
2007-07-02,8939.45,230000,238389.37694455002,0.0,0.0,0.0,0.0,26.667119,179986.58316049,6749.382382119718
2007-08-01,8891.84,240000,237119.75540896,2880.244591040013,0.32392,2880.2448128,-0.00022175998719831114,26.991039,182866.82797329,6775.094058931559
2007-09-03,8979.92,250000,242377.37093688,7622.629063119995,0.848853,7622.632031759999,-0.002968640003928158,27.839892,190489.46000505,6842.320365504651
2007-10-01,9488.46,260000,264157.70164631994,0.0,0.0,0.0,0.0,27.839892,190489.46000505,6842.320365504651
2007-11-01,9598.19,270000,267212.57299548,2787.4270045200246,0.290412,2787.42955428,-0.0025497599754089606,28.130304,193276.88955933,6870.771448446843
2007-12-03,8583.8,280000,241464.90347519997,38535.09652480003,4.489282,38535.0988316,-0.002306799971847795,32.619586,231811.98839093,7106.52760555974
2008-01-02,8323.01,290000,271493.14047385997,18506.859526140033,2.223578,18506.86192978,-0.0024036399663600605,34.843164,250318.85032071,7184.159576343583
2008-02-01,7673.96,300000,267385.04680944,32614.953190559987,4.250081,32614.95159076,0.001599799987161532,39.093245,282933.80191147,7237.40896698317
2008-03-03,8262.83,310000,323020.83758335,0.0,0.0,0.0,0.0,39.093245,282933.80191147,7237.40896698317
2008-04-01,8419.68,320000,329152.6130616,0.0,0.0,0.0,0.0,39.093245,282933.80191147,7237.40896698317
2008-05-02,8963.59,330000,350415.81994955003,0.0,0.0,0.0,0.0,39.093245,282933.80191147,7237.40896698317
2008-06-02,8724.43,340000,341066.27947535005,0.0,0.0,0.0,0.0,39.093245,282933.80191147,7237.40896698317
2008-07-01,7407.95,350000,289600.80429775,60399.19570225,8.153294,60399.1942873,0.0014149499984341674,47.246539000000006,343332.99619877,7266.839084208263
2008-08-01,7002.51,360000,330844.36181289004,29155.63818710996,4.163598,29155.636630980003,0.001556129955133656,51.410137000000006,372488.63282975,7245.431632087461
2008-09-01,6813.06,370000,350260.34798922006,19739.652010779944,2.897325,19739.6490645,0.0029462799429893494,54.30746200000001,392228.28189425,7222.364431139315
2008-10-01,5763.98,380000,313027.12481876,66972.87518123997,11.619207,66972.87676386,-0.0015826200251467526,65.926669,459201.15865811,6965.332324891312
2008-11-03,4995.04,390000,329306.34872176003,60693.651278239966,12.150784,60693.652111359996,-0.0008331200297106989,78.077453,519894.81076947,6658.70607702162
2008-12-01,4518.41,400000,352785.94440973003,47214.05559026997,10.449263,47214.05443183,0.0011584399690036662,88.52671600000001,567108.8652013,6406.075937588151
2009-01-05,4698.29,410000,415924.18451564,0.0,0.0,0.0,0.0,88.52671600000001,567108.8652013,6406.075937588151
2009-02-02,4259.96,420000,377120.26909136004,42879.73090863996,10.065759,42879.730709639996,0.00019899996550520882,98.59247500000001,609988.59591094,6186.969095876129
2009-03-02,4425.81,430000,436351.56177975005,0.0,0.0,0.0,0.0,98.59247500000001,609988.59591094,6186.969095876129
2009-04-02,5473.75,440000,539670.56003125,0.0,0.0,0.0,0.0,98.59247500000001,609988.59591094,6186.969095876129
2009-05-04,6330.37,450000,624126.84596575,0.0,0.0,0.0,0.0,98.59247500000001,609988.59591094,6186.969095876129
2009-06-01,6954.07,460000,685618.97262325,0.0,0.0,0.0,0.0,98.59247500000001,609988.59591094,6186.969095876129
2009-07-01,6578.94,470000,648633.9774765,0.0,0.0,0.0,0.0,98.59247500000001,609988.59591094,6186.969095876129
2009-08-03,7056.68,480000,695735.546483,0.0,0.0,0.0,0.0,98.59247500000001,609988.59591094,6186.969095876129
2009-09-01,7019.72,490000,692091.568607,0.0,0.0,0.0,0.0,98.59247500000001,609988.59591094,6186.969095876129
2009-10-01,7545.25,500000,743904.8719937501,0.0,0.0,0.0,0.0,98.59247500000001,609988.59591094,6186.969095876129
2009-11-02,7335.15,510000,723190.59299625,0.0,0.0,0.0,0.0,98.59247500000001,609988.59591094,6186.969095876129
2009-12-01,7649.19,520000,754152.5738452501,0.0,0.0,0.0,0.0,98.59247500000001,609988.59591094,6186.969095876129
2010-01-04,8207.81,530000,809228.30222975,0.0,0.0,0.0,0.0,98.59247500000001,609988.59591094,6186.969095876129
2010-02-01,7524.64,540000,741872.8810840001,0.0,0.0,0.0,0.0,98.59247500000001,609988.59591094,6186.969095876129
2010-03-01,7577.71,550000,747105.18373225,0.0,0.0,0.0,0.0,98.59247500000001,609988.59591094,6186.969095876129
2010-04-01,8013.05,560000,790026.4317987501,0.0,0.0,0.0,0.0,98.59247500000001,609988.59591094,6186.969095876129
2010-05-03,7952.13,570000,784020.1782217501,0.0,0.0,0.0,0.0,98.59247500000001,609988.59591094,6186.969095876129
2010-06-01,7289.3,580000,718670.1280175,0.0,0.0,0.0,0.0,98.59247500000001,609988.59591094,6186.969095876129
2010-07-01,7254.03,590000,715192.77142425,0.0,0.0,0.0,0.0,98.59247500000001,609988.59591094,6186.969095876129
2010-08-02,7911.64,600000,780028.1689090001,0.0,0.0,0.0,0.0,98.59247500000001,609988.59591094,6186.969095876129
2010-09-01,7668.21,610000,756027.8027197501,0.0,0.0,0.0,0.0,98.59247500000001,609988.59591094,6186.969095876129
2010-10-01,8244.14,620000,812810.1668465,0.0,0.0,0.0,0.0,98.59247500000001,609988.59591094,6186.969095876129
2010-11-01,8379.71,630000,826176.34868225,0.0,0.0,0.0,0.0,98.59247500000001,609988.59591094,6186.969095876129
2010-12-01,8520.07,640000,840014.78847325,0.0,0.0,0.0,0.0,98.59247500000001,609988.59591094,6186.969095876129
2011-01-03,9025.26,650000,889822.7209185001,0.0,0.0,0.0,0.0,98.59247500000001,609988.59591094,6186.969095876129
2011-02-08,9111.42,660000,898317.4485645001,0.0,0.0,0.0,0.0,98.59247500000001,609988.59591094,6186.969095876129
2011-03-01,8727.52,670000,860467.7974120001,0.0,0.0,0.0,0.0,98.59247500000001,609988.59591094,6186.969095876129
2011-04-01,8705.09,680000,858256.3681977501,0.0,0.0,0.0,0.0,98.59247500000001,609988.59591094,6186.969095876129
2011-05-03,8946.04,690000,882012.2250490001,0.0,0.0,0.0,0.0,98.59247500000001,609988.59591094,6186.969095876129
2011-06-01,9062.31,700000,893475.5721172501,0.0,0.0,0.0,0.0,98.59247500000001,609988.59591094,6186.969095876129
2011-07-01,8739.78,710000,861676.5411555001,0.0,0.0,0.0,0.0,98.59247500000001,609988.59591094,6186.969095876129
2011-08-01,8701.34,720000,857886.6464165001,0.0,0.0,0.0,0.0,98.59247500000001,609988.59591094,6186.969095876129
2011-09-01,7757.72,730000,764852.8151570001,0.0,0.0,0.0,0.0,98.59247500000001,609988.59591094,6186.969095876129
2011-10-03,7013.94,740000,691521.7041015,48478.295898500015,6.911707,48478.29819558,-0.0022970799836912192,105.50418200000001,658466.89410652,6241.144963396047
2011-11-01,7621.97,750000,804149.7100785401,0.0,0.0,0.0,0.0,105.50418200000001,658466.89410652,6241.144963396047
2011-12-01,7178.66,760000,757378.6511561201,2621.3488438798813,0.365159,2621.35230694,-0.003463060118519934,105.86934100000002,661088.24641346,6244.378591281303
2012-01-03,7053.35,770000,746733.5163423502,23266.483657649835,3.298643,23266.48360405,5.3599833336193115e-05,109.16798400000002,684354.73001751,6268.822643253263
2012-02-01,7549.17,780000,824127.6697732802,0.0,0.0,0.0,0.0,109.16798400000002,684354.73001751,6268.822643253263
2012-03-01,8118.3,790000,886258.4445072002,0.0,0.0,0.0,0.0,109.16798400000002,684354.73001751,6268.822643253263
2012-04-02,7862.86,800000,858372.5746742401,0.0,0.0,0.0,0.0,109.16798400000002,684354.73001751,6268.822643253263
2012-05-02,7676.77,810000,838057.5045316801,0.0,0.0,0.0,0.0,109.16798400000002,684354.73001751,6268.822643253263
2012-06-01,7106.06,820000,775754.2443830401,44245.75561695988,6.226482,44245.75468092,0.0009360398835269734,115.39446600000002,728600.48469843,6313.998495373512
2012-07-02,7345.13,830000,847587.3540505802,0.0,0.0,0.0,0.0,115.39446600000002,728600.48469843,6313.998495373512
2012-08-01,7267.93,840000,838678.9012753802,1321.0987246198347,0.181771,1321.0989040299999,-0.00017941016517397657,115.57623700000002,729921.5836024601,6315.498778546147
2012-09-03,7450.5,850000,861100.7537685002,0.0,0.0,0.0,0.0,115.57623700000002,729921.5836024601,6315.498778546147
2012-10-01,7675.69,860000,887127.36657853,0.0,0.0,0.0,0.0,115.57623700000002,729921.5836024601,6315.498778546147
2012-11-01,7179.61,870000,829792.3069275701,40207.69307242986,5.600261,40207.689878209996,0.003194219862052705,121.17649800000002,770129.2734806701,6355.43431433932
2012-12-03,7599.88,880000,920926.8436202402,0.0,0.0,0.0,0.0,121.17649800000002,770129.2734806701,6355.43431433932
2013-01-02,7779.18,890000,942653.7897116402,0.0,0.0,0.0,0.0,121.17649800000002,770129.2734806701,6355.43431433932
2013-02-01,7855.93,900000,951954.0859331402,0.0,0.0,0.0,0.0,121.17649800000002,770129.2734806701,6355.43431433932
2013-03-01,7964.59,910000,965121.1242058203,0.0,0.0,0.0,0.0,121.17649800000002,770129.2734806701,6355.43431433932
2013-04-01,7899.2,920000,957197.3930016002,0.0,0.0,0.0,0.0,121.17649800000002,770129.2734806701,6355.43431433932
2013-05-02,8128.47,930000,984979.5286980602,0.0,0.0,0.0,0.0,121.17649800000002,770129.2734806701,6355.43431433932
2013-06-03,8200.98,940000,993766.0365680401,0.0,0.0,0.0,0.0,121.17649800000002,770129.2734806701,6355.43431433932
2013-07-01,8035.96,950000,973769.4908680802,0.0,0.0,0.0,0.0,121.17649800000002,770129.2734806701,6355.43431433932
2013-08-01,8056.18,960000,976219.6796576402,0.0,0.0,0.0,0.0,121.17649800000002,770129.2734806701,6355.43431433932
2013-09-02,8038.82,970000,974116.0556523602,0.0,0.0,0.0,0.0,121.17649800000002,770129.2734806701,6355.43431433932
2013-10-01,8186.98,980000,992069.5655960401,0.0,0.0,0.0,0.0,121.17649800000002,770129.2734806701,6355.43431433932
2013-11-01,8388.14,990000,1016445.4299337202,0.0,0.0,0.0,0.0,121.17649800000002,770129.2734806701,6355.43431433932
2013-12-02,8414.57,1000000,1019648.1247758601,0.0,0.0,0.0,0.0,121.17649800000002,770129.2734806701,6355.43431433932
2014-01-02,8612.5,1010000,1043632.5890250002,0.0,0.0,0.0,0.0,121.17649800000002,770129.2734806701,6355.43431433932
2014-02-05,8264.44,1020000,1001455.8971311202,18544.102868879796,2.243843,18544.105842920002,-0.0029740402060269844,123.42034100000002,788673.3793235901,6390.140984325995
2014-03-03,8601.94,1030000,1061654.3680615402,0.0,0.0,0.0,0.0,123.42034100000002,788673.3793235901,6390.140984325995
2014-04-01,8873.11,1040000,1095122.2619305102,0.0,0.0,0.0,0.0,123.42034100000002,788673.3793235901,6390.140984325995
2014-05-02,8867.28,1050000,1094402.7213424803,0.0,0.0,0.0,0.0,123.42034100000002,788673.3793235901,6390.140984325995
2014-06-03,9123.42,1060000,1126015.6074862203,0.0,0.0,0.0,0.0,123.42034100000002,788673.3793235901,6390.140984325995
2014-07-01,9441.88,1070000,1165320.04928108,0.0,0.0,0.0,0.0,123.42034100000002,788673.3793235901,6390.140984325995
2014-08-01,9266.47,1080000,1143670.8872662701,0.0,0.0,0.0,0.0,123.42034100000002,788673.3793235901,6390.140984325995
2014-09-01,9513.02,1090000,1174100.1723398203,0.0,0.0,0.0,0.0,123.42034100000002,788673.3793235901,6390.140984325995
2014-10-01,8990.22,1100000,1109576.0180650202,0.0,0.0,0.0,0.0,123.42034100000002,788673.3793235901,6390.140984325995
2014-11-03,9004.82,1110000,1111377.9550436202,0.0,0.0,0.0,0.0,123.42034100000002,788673.3793235901,6390.140984325995
2014-12-01,9117.67,1120000,1125305.9405254703,0.0,0.0,0.0,0.0,123.42034100000002,788673.3793235901,6390.140984325995
2015-01-05,9274.07,1130000,1144608.8818578701,0.0,0.0,0.0,0.0,123.42034100000002,788673.3793235901,6390.140984325995
2015-02-02,9386.95,1140000,1158540.5699499503,0.0,0.0,0.0,0.0,123.42034100000002,788673.3793235901,6390.140984325995
2015-03-02,9601.32,1150000,1184998.1884501202,0.0,0.0,0.0,0.0,123.42034100000002,788673.3793235901,6390.140984325995
2015-04-01,9507.62,1160000,1173433.7024984204,0.0,0.0,0.0,0.0,123.42034100000002,788673.3793235901,6390.140984325995
2015-05-04,9845.0,1170000,1215073.2571450002,0.0,0.0,0.0,0.0,123.42034100000002,788673.3793235901,6390.140984325995
2015-06-01,9625.65,1180000,1188001.0053466503,0.0,0.0,0.0,0.0,123.42034100000002,788673.3793235901,6390.140984325995
2015-07-01,9375.19,1190000,1157089.1467397902,32910.853260209784,3.51042,32910.8544798,-0.0012195902163512073,126.93076100000002,821584.2338033901,6472.696037829553
2015-08-03,8524.37,1200000,1082004.7711455703,117995.22885442968,13.842105,117995.22459885,0.004255579668097198,140.77286600000002,939579.4584022401,6674.4358135199145
2015-09-01,8017.52,1210000,1128649.2686123203,81350.7313876797,10.14662,81350.72878240001,0.002605279689305462,150.91948600000003,1020930.1871846401,6764.734059488116
2015-10-01,8295.9,1220000,1252012.9639074001,0.0,0.0,0.0,0.0,150.91948600000003,1020930.1871846401,6764.734059488116
2015-11-02,8614.73,1230000,1300130.6236287802,0.0,0.0,0.0,0.0,150.91948600000003,1020930.1871846401,6764.734059488116
2015-12-01,8463.26,1240000,1277270.8490843603,0.0,0.0,0.0,0.0,150.91948600000003,1020930.1871846401,6764.734059488116
2016-01-04,8114.22,1250000,1224593.9116909204,25406.08830907964,3.131057,25406.08533054,0.0029785396400257014,154.05054300000003,1046336.27251518,6792.162183519079
2016-02-01,8156.92,1260000,1256577.9552075602,3422.0447924397886,0.419527,3422.04817684,-0.003384400211416505,154.47007000000002,1049758.32069202,6795.868744618422
2016-03-01,8485.66,1270000,1310780.4941962,0.0,0.0,0.0,0.0,154.47007000000002,1049758.32069202,6795.868744618422
2016-04-01,8657.52,1280000,1337327.7204264002,0.0,0.0,0.0,0.0,154.47007000000002,1049758.32069202,6795.868744618422
2016-05-03,8294.09,1290000,1281188.6628863001,8811.337113699876,1.062363,8811.33433467,0.0027790298754553078,155.53243300000003,1058569.65502669,6806.102332538512
2016-06-01,8597.13,1300000,1337132.5457172901,0.0,0.0,0.0,0.0,155.53243300000003,1058569.65502669,6806.102332538512
2016-07-01,8738.22,1310000,1359076.6166892601,0.0,0.0,0.0,0.0,155.53243300000003,1058569.65502669,6806.102332538512
2016-08-01,9080.69,1320000,1412341.8090187702,0.0,0.0,0.0,0.0,155.53243300000003,1058569.65502669,6806.102332538512
2016-09-01,9001.13,1330000,1399967.6486492902,0.0,0.0,0.0,0.0,155.53243300000003,1058569.65502669,6806.102332538512
2016-10-03,9234.18,1340000,1436214.4821599403,0.0,0.0,0.0,0.0,155.53243300000003,1058569.65502669,6806.102332538512
2016-11-01,9272.68,1350000,1442202.4808304403,0.0,0.0,0.0,0.0,155.53243300000003,1058569.65502669,6806.102332538512
2016-12-01,9263.52,1360000,1440777.8037441603,0.0,0.0,0.0,0.0,155.53243300000003,1058569.65502669,6806.102332538512
2017-01-03,9272.87,1370000,1442232.0319927104,0.0,0.0,0.0,0.0,155.53243300000003,1058569.65502669,6806.102332538512
2017-02-02,9428.96,1380000,1466509.08945968,0.0,0.0,0.0,0.0,155.53243300000003,1058569.65502669,6806.102332538512
2017-03-01,9674.77,1390000,1504740.5168154102,0.0,0.0,0.0,0.0,155.53243300000003,1058569.65502669,6806.102332538512
2017-04-05,9949.47,1400000,1547465.2761605103,0.0,0.0,0.0,0.0,155.53243300000003,1058569.65502669,6806.102332538512
2017-05-02,9941.26,1410000,1546188.3548855803,0.0,0.0,0.0,0.0,155.53243300000003,1058569.65502669,6806.102332538512
2017-06-01,10087.42,1420000,1568920.9752928603,0.0,0.0,0.0,0.0,155.53243300000003,1058569.65502669,6806.102332538512
2017-07-03,10412.79,1430000,1619526.5630180703,0.0,0.0,0.0,0.0,155.53243300000003,1058569.65502669,6806.102332538512
2017-08-01,10437.29,1440000,1623337.1076265704,0.0,0.0,0.0,0.0,155.53243300000003,1058569.65502669,6806.102332538512
2017-09-01,10594.82,1450000,1647838.1317970601,0.0,0.0,0.0,0.0,155.53243300000003,1058569.65502669,6806.102332538512
2017-10-02,10465.16,1460000,1627671.7965342803,0.0,0.0,0.0,0.0,155.53243300000003,1058569.65502669,6806.102332538512
2017-11-01,10806.36,1470000,1680739.4626738804,0.0,0.0,0.0,0.0,155.53243300000003,1058569.65502669,6806.102332538512
2017-12-01,10600.37,1480000,1648701.3368002104,0.0,0.0,0.0,0.0,155.53243300000003,1058569.65502669,6806.102332538512
2018-01-02,10710.73,1490000,1665865.8961060902,0.0,0.0,0.0,0.0,155.53243300000003,1058569.65502669,6806.102332538512
2018-02-01,11160.25,1500000,1735780.8353882502,0.0,0.0,0.0,0.0,155.53243300000003,1058569.65502669,6806.102332538512
2018-03-01,10785.79,1510000,1677540.1605270705,0.0,0.0,0.0,0.0,155.53243300000003,1058569.65502669,6806.102332538512
2018-04-02,10888.27,1520000,1693479.1242609103,0.0,0.0,0.0,0.0,155.53243300000003,1058569.65502669,6806.102332538512
2018-05-02,10618.81,1530000,1651569.3548647303,0.0,0.0,0.0,0.0,155.53243300000003,1058569.65502669,6806.102332538512
2018-06-01,10949.08,1540000,1702937.0515116402,0.0,0.0,0.0,0.0,155.53243300000003,1058569.65502669,6806.102332538512
2018-07-02,10777.94,1550000,1676319.2309280203,0.0,0.0,0.0,0.0,155.53243300000003,1058569.65502669,6806.102332538512
2018-08-01,11098.13,1560000,1726119.16065029,0.0,0.0,0.0,0.0,155.53243300000003,1058569.65502669,6806.102332538512
2018-09-03,10964.22,1570000,1705291.8125472602,0.0,0.0,0.0,0.0,155.53243300000003,1058569.65502669,6806.102332538512
2018-10-01,11051.8,1580000,1718913.3430294,0.0,0.0,0.0,0.0,155.53243300000003,1058569.65502669,6806.102332538512
2018-11-01,9844.74,1590000,1531176.3644524203,58823.63554757973,5.975133,58823.63085041999,0.004697159740317147,161.50756600000003,1117393.2858771102,6918.519754530324
2018-12-03,10137.87,1600000,1637342.7081244204,0.0,0.0,0.0,0.0,161.50756600000003,1117393.2858771102,6918.519754530324
2019-01-02,9554.14,1610000,1543065.89662324,66934.10337675991,7.00577,66934.1073878,-0.004011040087789297,168.51333600000004,1184327.3932649102,7028.092976955307
2019-02-11,10004.25,1620000,1685849.5416780005,0.0,0.0,0.0,0.0,168.51333600000004,1184327.3932649102,7028.092976955307
2019-03-04,10349.88,1630000,1744092.8059996802,0.0,0.0,0.0,0.0,168.51333600000004,1184327.3932649102,7028.092976955307
2019-04-01,10642.63,1640000,1793425.0851136802,0.0,0.0,0.0,0.0,168.51333600000004,1184327.3932649102,7028.092976955307
2019-05-02,11004.49,1650000,1854403.3208786403,0.0,0.0,0.0,0.0,168.51333600000004,1184327.3932649102,7028.092976955307
2019-06-03,10500.07,1660000,1769401.8239335204,0.0,0.0,0.0,0.0,168.51333600000004,1184327.3932649102,7028.092976955307
2019-07-01,10895.46,1670000,1836030.3118545602,0.0,0.0,0.0,0.0,168.51333600000004,1184327.3932649102,7028.092976955307
2019-08-01,10731.75,1680000,1808442.9936180003,0.0,0.0,0.0,0.0,168.51333600000004,1184327.3932649102,7028.092976955307
2019-09-02,10634.85,1690000,1792114.0513596004,0.0,0.0,0.0,0.0,168.51333600000004,1184327.3932649102,7028.092976955307
2019-10-01,10967.65,1700000,1848195.2895804003,0.0,0.0,0.0,0.0,168.51333600000004,1184327.3932649102,7028.092976955307
2019-11-01,11399.53,1710000,1920972.8291320805,0.0,0.0,0.0,0.0,168.51333600000004,1184327.3932649102,7028.092976955307
2019-12-02,11502.83,1720000,1938380.2567408804,0.0,0.0,0.0,0.0,168.51333600000004,1184327.3932649102,7028.092976955307
2020-01-02,12100.48,1730000,2039092.2520012804,0.0,0.0,0.0,0.0,168.51333600000004,1184327.3932649102,7028.092976955307
2020-02-03,11354.92,1740000,1913455.4492131204,0.0,0.0,0.0,0.0,168.51333600000004,1184327.3932649102,7028.092976955307
2020-03-02,11170.46,1750000,1882371.4792545603,0.0,0.0,0.0,0.0,168.51333600000004,1184327.3932649102,7028.092976955307
2020-04-01,9663.63,1760000,1628450.5291696803,131549.47083031968,13.612842,131549.46833646,0.0024938596761785448,182.12617800000004,1315876.8616013702,7225.083598917723
2020-05-04,10720.48,1770000,1952480.0487254404,0.0,0.0,0.0,0.0,182.12617800000004,1315876.8616013702,7225.083598917723
2020-06-01,11079.02,1780000,2017779.5685855604,0.0,0.0,0.0,0.0,182.12617800000004,1315876.8616013702,7225.083598917723
2020-07-01,11703.42,1790000,2131499.1541287606,0.0,0.0,0.0,0.0,182.12617800000004,1315876.8616013702,7225.083598917723
2020-08-03,12513.03,1800000,2278950.329099341,0.0,0.0,0.0,0.0,182.12617800000004,1315876.8616013702,7225.083598917723
2020-09-01,12703.28,1810000,2313599.834463841,0.0,0.0,0.0,0.0,182.12617800000004,1315876.8616013702,7225.083598917723
2020-10-05,12548.28,1820000,2285370.2768738405,0.0,0.0,0.0,0.0,182.12617800000004,1315876.8616013702,7225.083598917723
2020-11-02,12591.31,1830000,2293207.1663131802,0.0,0.0,0.0,0.0,182.12617800000004,1315876.8616013702,7225.083598917723
2020-12-01,13885.67,1840000,2528944.0060692606,0.0,0.0,0.0,0.0,182.12617800000004,1315876.8616013702,7225.083598917723
2021-01-04,14902.03,1850000,2714049.7683413406,0.0,0.0,0.0,0.0,182.12617800000004,1315876.8616013702,7225.083598917723
2021-02-01,15410.09,1860000,2806580.7943360205,0.0,0.0,0.0,0.0,182.12617800000004,1315876.8616013702,7225.083598917723
2021-03-02,15946.88,1870000,2904344.3054246404,0.0,0.0,0.0,0.0,182.12617800000004,1315876.8616013702,7225.083598917723
2021-04-01,16571.28,1880000,3018063.8909678403,0.0,0.0,0.0,0.0,182.12617800000004,1315876.8616013702,7225.083598917723
2021-05-03,17222.35,1890000,3136640.7816783004,0.0,0.0,0.0,0.0,182.12617800000004,1315876.8616013702,7225.083598917723
2021-06-01,17162.38,1900000,3125718.674783641,0.0,0.0,0.0,0.0,182.12617800000004,1315876.8616013702,7225.083598917723
2021-07-01,17713.94,1910000,3226172.1895213206,0.0,0.0,0.0,0.0,182.12617800000004,1315876.8616013702,7225.083598917723
2021-08-02,17503.28,1920000,3187805.4888638402,0.0,0.0,0.0,0.0,182.12617800000004,1315876.8616013702,7225.083598917723
2021-09-01,17473.99,1930000,3182471.013110221,0.0,0.0,0.0,0.0,182.12617800000004,1315876.8616013702,7225.083598917723
2021-10-01,16570.89,1940000,3017992.8617584207,0.0,0.0,0.0,0.0,182.12617800000004,1315876.8616013702,7225.083598917723
2021-11-01,17068.24,1950000,3108573.316386721,0.0,0.0,0.0,0.0,182.12617800000004,1315876.8616013702,7225.083598917723
2021-12-01,17585.99,1960000,3202869.145046221,0.0,0.0,0.0,0.0,182.12617800000004,1315876.8616013702,7225.083598917723
2022-01-03,18270.51,1970000,3327538.1564107803,0.0,0.0,0.0,0.0,182.12617800000004,1315876.8616013702,7225.083598917723
2022-02-07,17900.3,1980000,3260113.2240534006,0.0,0.0,0.0,0.0,182.12617800000004,1315876.8616013702,7225.083598917723
2022-03-01,17898.25,1990000,3259739.8653885005,0.0,0.0,0.0,0.0,182.12617800000004,1315876.8616013702,7225.083598917723
2022-04-01,17625.59,2000000,3210081.341695021,0.0,0.0,0.0,0.0,182.12617800000004,1315876.8616013702,7225.083598917723
2022-05-03,16498.9,2010000,3004881.598204201,0.0,0.0,0.0,0.0,182.12617800000004,1315876.8616013702,7225.083598917723
2022-06-01,16675.09,2020000,3036970.4095060206,0.0,0.0,0.0,0.0,182.12617800000004,1315876.8616013702,7225.083598917723
2022-07-01,14343.08,2030000,2612250.3411482405,0.0,0.0,0.0,0.0,182.12617800000004,1315876.8616013702,7225.083598917723
2022-08-01,14981.69,2040000,2728557.939680821,0.0,0.0,0.0,0.0,182.12617800000004,1315876.8616013702,7225.083598917723
2022-09-01,14801.86,2050000,2695806.189091081,0.0,0.0,0.0,0.0,182.12617800000004,1315876.8616013702,7225.083598917723
2022-10-03,13300.48,2060000,2422365.5879654405,0.0,0.0,0.0,0.0,182.12617800000004,1315876.8616013702,7225.083598917723
2022-11-01,13037.21,2070000,2374417.22908338,0.0,0.0,0.0,0.0,182.12617800000004,1315876.8616013702,7225.083598917723
2022-12-01,15012.8,2080000,2734223.8850784004,0.0,0.0,0.0,0.0,182.12617800000004,1315876.8616013702,7225.083598917723
2023-01-03,14224.12,2090000,2590584.611013361,0.0,0.0,0.0,0.0,182.12617800000004,1315876.8616013702,7225.083598917723
2023-02-01,15420.13,2100000,2808409.3411631403,0.0,0.0,0.0,0.0,182.12617800000004,1315876.8616013702,7225.083598917723
2023-03-01,15598.49,2110000,2840893.3662712206,0.0,0.0,0.0,0.0,182.12617800000004,1315876.8616013702,7225.083598917723
2023-04-06,15810.77,2120000,2879555.1113370606,0.0,0.0,0.0,0.0,182.12617800000004,1315876.8616013702,7225.083598917723
2023-05-02,15636.48,2130000,2847812.3397734407,0.0,0.0,0.0,0.0,182.12617800000004,1315876.8616013702,7225.083598917723
2023-06-01,16512.65,2140000,3007385.833151701,0.0,0.0,0.0,0.0,182.12617800000004,1315876.8616013702,7225.083598917723
2023-07-03,17084.2,2150000,3111480.050187601,0.0,0.0,0.0,0.0,182.12617800000004,1315876.8616013702,7225.083598917723
2023-08-01,17212.87,2160000,3134914.2255108603,0.0,0.0,0.0,0.0,182.12617800000004,1315876.8616013702,7225.083598917723
2023-09-01,16644.94,2170000,3031479.3052393203,0.0,0.0,0.0,0.0,182.12617800000004,1315876.8616013702,7225.083598917723
2023-10-02,16557.31,2180000,3015519.588261181,0.0,0.0,0.0,0.0,182.12617800000004,1315876.8616013702,7225.083598917723
2023-11-01,16038.56,2190000,2921041.6334236804,0.0,0.0,0.0,0.0,182.12617800000004,1315876.8616013702,7225.083598917723
2023-12-01,17438.35,2200000,3175980.0361263,0.0,0.0,0.0,0.0,182.12617800000004,1315876.8616013702,7225.083598917723
2024-01-02,17853.76,2210000,3251637.0717292805,0.0,0.0,0.0,0.0,182.12617800000004,1315876.8616013702,7225.083598917723
2024-02-01,17968.11,2220000,3272463.2001835806,0.0,0.0,0.0,0.0,182.12617800000004,1315876.8616013702,7225.083598917723
2024-03-01,18935.93,2230000,3448728.5577755407,0.0,0.0,0.0,0.0,182.12617800000004,1315876.8616013702,7225.083598917723
2024-04-01,20222.33,2240000,3683015.673154741,0.0,0.0,0.0,0.0,182.12617800000004,1315876.8616013702,7225.083598917723
2024-05-02,20222.44,2250000,3683035.7070343206,0.0,0.0,0.0,0.0,182.12617800000004,1315876.8616013702,7225.083598917723
2024-06-03,21536.76,2260000,3922407.7853032807,0.0,0.0,0.0,0.0,182.12617800000004,1315876.8616013702,7225.083598917723
2024-07-01,23058.57,2270000,4199569.224245461,0.0,0.0,0.0,0.0,182.12617800000004,1315876.8616013702,7225.083598917723
2024-08-01,22642.1,2280000,4123719.1348938006,0.0,0.0,0.0,0.0,182.12617800000004,1315876.8616013702,7225.083598917723
2024-09-02,22235.1,2290000,4049593.7804478006,0.0,0.0,0.0,0.0,182.12617800000004,1315876.8616013702,7225.083598917723
2024-10-01,22390.39,2300000,4077876.154629421,0.0,0.0,0.0,0.0,182.12617800000004,1315876.8616013702,7225.083598917723
2024-11-01,22780.08,2310000,4148848.904934241,0.0,0.0,0.0,0.0,182.12617800000004,1315876.8616013702,7225.083598917723
2024-12-02,22736.93,2320000,4140990.160353541,0.0,0.0,0.0,0.0,182.12617800000004,1315876.8616013702,7225.083598917723
2025-01-02,22832.06,2330000,4158315.823666681,0.0,0.0,0.0,0.0,182.12617800000004,1315876.8616013702,7225.083598917723
2025-02-03,22694.71,2340000,4133300.793118381,0.0,0.0,0.0,0.0,182.12617800000004,1315876.8616013702,7225.083598917723
2025-03-03,22756.25,2350000,4144508.838112501,0.0,0.0,0.0,0.0,182.12617800000004,1315876.8616013702,7225.083598917723
2025-04-01,21280.17,2360000,3875676.0292902603,0.0,0.0,0.0,0.0,182.12617800000004,1315876.8616013702,7225.083598917723
2025-05-02,20787.64,2370000,3785973.4228399205,0.0,0.0,0.0,0.0,182.12617800000004,1315876.8616013702,7225.083598917723
2025-06-02,21002.71,2380000,3825143.2999423807,0.0,0.0,0.0,0.0,182.12617800000004,1315876.8616013702,7225.083598917723
2025-07-01,22553.72,2390000,4107622.8232821613,0.0,0.0,0.0,0.0,182.12617800000004,1315876.8616013702,7225.083598917723
2025-08-01,23434.38,2400000,4268014.063199641,0.0,0.0,0.0,0.0,182.12617800000004,1315876.8616013702,7225.083598917723
2025-09-01,24071.73,2410000,4384092.1827479405,0.0,0.0,0.0,0.0,182.12617800000004,1315876.8616013702,7225.083598917723
2025-10-01,25982.91,2420000,4732168.091617981,0.0,0.0,0.0,0.0,182.12617800000004,1315876.8616013702,7225.083598917723
2025-11-03,28334.59,2430000,5160470.581897021,0.0,0.0,0.0,0.0,182.12617800000004,1315876.8616013702,7225.083598917723
2025-12-01,27342.53,2440000,4979790.485750341,0.0,0.0,0.0,0.0,182.12617800000004,1315876.8616013702,7225.083598917723
2026-01-02,29349.81,2450000,5345368.7203261815,0.0,0.0,0.0,0.0,182.12617800000004,1315876.8616013702,7225.083598917723
2026-02-02,31624.03,2460000,5759563.716857341,0.0,0.0,0.0,0.0,182.12617800000004,1315876.8616013702,7225.083598917723
2026-03-02,35095.09,2470000,6391734.608266021,0.0,0.0,0.0,0.0,182.12617800000004,1315876.8616013702,7225.083598917723
2026-04-01,33174.82,2480000,6042003.172437961,0.0,0.0,0.0,0.0,182.12617800000004,1315876.8616013702,7225.083598917723
